MSHX1
GROUPS 4
LABEL SPSmain
MATERIAL 1
TEXTURE 1
FLAG 0
GEOM 192 320
0.1867 0.9376 -1.5322 0.1829 0.9210 0.3440 0.7078 0.0323
-0.0000 0.9559 -1.5322 0.0003 0.9390 0.3440 0.7549 0.0230
0.3662 0.8831 -1.5322 0.3591 0.8676 0.3440 0.6625 0.0598
0.5317 0.7946 -1.5322 0.5214 0.7809 0.3440 0.6208 0.1044
0.6767 0.6756 -1.5322 0.6639 0.6640 0.3440 0.5842 0.1645
0.7957 0.5306 -1.5322 0.7806 0.5219 0.3440 0.5542 0.2376
0.8842 0.3651 -1.5322 0.8674 0.3596 0.3440 0.5319 0.3211
0.9386 0.1856 -1.5322 0.9210 0.1829 0.3440 0.5181 0.4117
0.9570 -0.0011 -1.5322 0.9390 0.0003 0.3440 0.5135 0.5059
0.9386 -0.1878 -1.5322 0.9210 -0.1829 0.3440 0.5181 0.6001
0.8842 -0.3674 -1.5322 0.8676 -0.3591 0.3440 0.5319 0.6906
0.7957 -0.5329 -1.5322 0.7809 -0.5214 0.3440 0.5542 0.7741
0.6767 -0.6779 -1.5322 0.6640 -0.6639 0.3440 0.5842 0.8473
0.5317 -0.7969 -1.5322 0.5219 -0.7806 0.3440 0.6208 0.9073
0.3662 -0.8853 -1.5322 0.3596 -0.8674 0.3440 0.6625 0.9519
0.1867 -0.9398 -1.5322 0.1834 -0.9209 0.3440 0.7078 0.9794
-0.0000 -0.9582 -1.5322 0.0003 -0.9390 0.3440 0.7549 0.9887
-0.1868 -0.9398 -1.5322 -0.1829 -0.9210 0.3440 0.8020 0.9794
-0.3663 -0.8853 -1.5322 -0.3591 -0.8676 0.3440 0.8473 0.9519
-0.5318 -0.7969 -1.5322 -0.5214 -0.7809 0.3439 0.8890 0.9073
-0.6768 -0.6779 -1.5322 -0.6639 -0.6640 0.3440 0.9256 0.8473
-0.7958 -0.5328 -1.5322 -0.7809 -0.5214 0.3440 0.9556 0.7741
-0.8843 -0.3674 -1.5322 -0.8674 -0.3596 0.3440 0.9779 0.6906
-0.9387 -0.1878 -1.5322 -0.9209 -0.1834 0.3440 0.9917 0.6001
-0.9571 -0.0011 -1.5322 -0.9390 -0.0003 0.3440 0.9963 0.5059
-0.9387 0.1856 -1.5322 -0.9210 0.1829 0.3440 0.9917 0.4117
-0.8843 0.3651 -1.5322 -0.8676 0.3591 0.3440 0.9779 0.3211
-0.7958 0.5306 -1.5322 -0.7809 0.5214 0.3440 0.9556 0.2376
-0.6768 0.6756 -1.5322 -0.6640 0.6639 0.3440 0.9256 0.1645
-0.5318 0.7946 -1.5322 -0.5219 0.7806 0.3440 0.8890 0.1044
-0.3663 0.8831 -1.5322 -0.3596 0.8674 0.3440 0.8473 0.0598
-0.1868 0.9376 -1.5322 -0.1834 0.9209 0.3440 0.8020 0.0323
0.1322 0.6639 -0.8425 0.1777 0.8921 0.4155 0.7215 0.1704
-0.0000 0.6769 -0.8425 -0.0001 0.9096 0.4155 0.7549 0.1638
0.2594 0.6253 -0.8425 0.3483 0.8402 0.4155 0.6894 0.1898
0.3767 0.5626 -0.8425 0.5055 0.7562 0.4155 0.6599 0.2214
0.4794 0.4783 -0.8425 0.6434 0.6430 0.4155 0.6339 0.2640
0.5637 0.3756 -0.8425 0.7564 0.5051 0.4155 0.6127 0.3158
0.6264 0.2583 -0.8425 0.8405 0.3478 0.4155 0.5969 0.3750
0.6650 0.1312 -0.8425 0.8921 0.1777 0.4155 0.5871 0.4391
0.6780 -0.0011 -0.8425 0.9096 -0.0001 0.4155 0.5839 0.5059
0.6650 -0.1334 -0.8425 0.8921 -0.1777 0.4155 0.5871 0.5726
0.6264 -0.2606 -0.8425 0.8402 -0.3483 0.4155 0.5969 0.6368
0.5637 -0.3778 -0.8425 0.7562 -0.5055 0.4155 0.6127 0.6959
0.4794 -0.4806 -0.8425 0.6430 -0.6434 0.4155 0.6339 0.7477
0.3767 -0.5649 -0.8425 0.5051 -0.7564 0.4155 0.6599 0.7903
0.2594 -0.6276 -0.8425 0.3478 -0.8405 0.4155 0.6894 0.8219
0.1322 -0.6661 -0.8425 0.1772 -0.8922 0.4155 0.7215 0.8413
-0.0000 -0.6792 -0.8425 -0.0001 -0.9096 0.4155 0.7549 0.8479
-0.1323 -0.6661 -0.8425 -0.1777 -0.8921 0.4155 0.7882 0.8413
-0.2595 -0.6276 -0.8425 -0.3483 -0.8402 0.4155 0.8203 0.8219
-0.3767 -0.5649 -0.8425 -0.5055 -0.7562 0.4155 0.8499 0.7903
-0.4795 -0.4806 -0.8425 -0.6434 -0.6430 0.4155 0.8758 0.7477
-0.5638 -0.3778 -0.8425 -0.7562 -0.5055 0.4155 0.8971 0.6959
-0.6265 -0.2606 -0.8425 -0.8405 -0.3478 0.4155 0.9129 0.6368
-0.6651 -0.1334 -0.8425 -0.8922 -0.1772 0.4155 0.9226 0.5726
-0.6781 -0.0011 -0.8425 -0.9096 0.0001 0.4155 0.9259 0.5059
-0.6651 0.1312 -0.8425 -0.8921 0.1777 0.4155 0.9226 0.4391
-0.6265 0.2583 -0.8425 -0.8402 0.3483 0.4155 0.9129 0.3750
-0.5638 0.3756 -0.8425 -0.7562 0.5055 0.4155 0.8971 0.3158
-0.4795 0.4783 -0.8425 -0.6430 0.6434 0.4155 0.8758 0.2640
-0.3767 0.5626 -0.8425 -0.5051 0.7564 0.4155 0.8499 0.2214
-0.2595 0.6253 -0.8425 -0.3478 0.8405 0.4155 0.8203 0.1898
-0.1323 0.6639 -0.8425 -0.1772 0.8922 0.4155 0.7882 0.1704
0.0841 0.4218 -0.3505 0.1702 0.8547 0.4904 0.7337 0.2925
-0.0000 0.4300 -0.3505 -0.0004 0.8715 0.4905 0.7549 0.2883
0.1650 0.3972 -0.3505 0.3337 0.8051 0.4904 0.7133 0.3049
0.2395 0.3574 -0.3505 0.4844 0.7245 0.4904 0.6945 0.3250
0.3048 0.3038 -0.3505 0.6165 0.6159 0.4905 0.6780 0.3521
0.3585 0.2384 -0.3505 0.7248 0.4840 0.4904 0.6645 0.3850
0.3983 0.1639 -0.3505 0.8052 0.3333 0.4904 0.6544 0.4226
0.4228 0.0830 -0.3505 0.8548 0.1698 0.4904 0.6482 0.4634
0.4311 -0.0011 -0.3505 0.8715 -0.0004 0.4905 0.6461 0.5059
0.4228 -0.0852 -0.3505 0.8547 -0.1702 0.4904 0.6482 0.5483
0.3983 -0.1661 -0.3505 0.8052 -0.3333 0.4904 0.6544 0.5891
0.3585 -0.2407 -0.3505 0.7245 -0.4844 0.4904 0.6645 0.6267
0.3048 -0.3060 -0.3505 0.6159 -0.6165 0.4905 0.6780 0.6597
0.2395 -0.3596 -0.3505 0.4844 -0.7246 0.4903 0.6945 0.6867
0.1650 -0.3995 -0.3505 0.3333 -0.8053 0.4903 0.7133 0.7068
0.0841 -0.4240 -0.3505 0.1698 -0.8548 0.4904 0.7337 0.7192
-0.0000 -0.4323 -0.3505 -0.0004 -0.8715 0.4905 0.7549 0.7234
-0.0842 -0.4240 -0.3505 -0.1702 -0.8547 0.4904 0.7761 0.7192
-0.1650 -0.3995 -0.3505 -0.3337 -0.8051 0.4904 0.7965 0.7068
-0.2396 -0.3596 -0.3505 -0.4844 -0.7245 0.4904 0.8153 0.6867
-0.3049 -0.3060 -0.3505 -0.6165 -0.6159 0.4905 0.8318 0.6597
-0.3585 -0.2407 -0.3505 -0.7248 -0.4840 0.4904 0.8453 0.6267
-0.3984 -0.1661 -0.3505 -0.8052 -0.3333 0.4904 0.8554 0.5891
-0.4229 -0.0852 -0.3505 -0.8548 -0.1698 0.4904 0.8615 0.5483
-0.4312 -0.0011 -0.3505 -0.8715 -0.0004 0.4905 0.8636 0.5059
-0.4229 0.0830 -0.3505 -0.8547 0.1702 0.4904 0.8615 0.4634
-0.3984 0.1639 -0.3505 -0.8051 0.3337 0.4904 0.8554 0.4226
-0.3585 0.2384 -0.3505 -0.7245 0.4844 0.4904 0.8453 0.3850
-0.3049 0.3038 -0.3505 -0.6159 0.6165 0.4905 0.8318 0.3521
-0.2396 0.3574 -0.3505 -0.4840 0.7248 0.4904 0.8153 0.3250
-0.1650 0.3972 -0.3505 -0.3333 0.8052 0.4904 0.7965 0.3049
-0.0842 0.4218 -0.3505 -0.1698 0.8548 0.4904 0.7761 0.2925
0.0657 0.3295 -0.1940 0.1673 0.8408 0.5149 0.7383 0.3390
-0.0000 0.3360 -0.1940 -0.0003 0.8573 0.5149 0.7549 0.3358
0.1290 0.3104 -0.1940 0.3283 0.7919 0.5149 0.7223 0.3487
0.1873 0.2792 -0.1940 0.4766 0.7126 0.5149 0.7076 0.3644
0.2384 0.2373 -0.1940 0.6064 0.6060 0.5149 0.6947 0.3856
0.2803 0.1862 -0.1940 0.7130 0.4759 0.5149 0.6842 0.4114
0.3114 0.1279 -0.1940 0.7921 0.3278 0.5149 0.6763 0.4408
0.3306 0.0646 -0.1940 0.8408 0.1672 0.5149 0.6715 0.4727
0.3371 -0.0011 -0.1940 0.8573 -0.0003 0.5149 0.6698 0.5059
0.3306 -0.0669 -0.1940 0.8408 -0.1673 0.5149 0.6715 0.5390
0.3114 -0.1302 -0.1940 0.7919 -0.3283 0.5149 0.6763 0.5709
0.2803 -0.1884 -0.1940 0.7126 -0.4766 0.5149 0.6842 0.6004
0.2384 -0.2395 -0.1940 0.6060 -0.6064 0.5149 0.6947 0.6261
0.1873 -0.2815 -0.1940 0.4766 -0.7126 0.5149 0.7076 0.6473
0.1290 -0.3126 -0.1940 0.3278 -0.7921 0.5149 0.7223 0.6630
0.0657 -0.3318 -0.1940 0.1672 -0.8408 0.5149 0.7383 0.6727
-0.0000 -0.3383 -0.1940 -0.0003 -0.8573 0.5149 0.7549 0.6759
-0.0658 -0.3318 -0.1940 -0.1673 -0.8408 0.5149 0.7715 0.6727
-0.1291 -0.3126 -0.1940 -0.3283 -0.7919 0.5149 0.7874 0.6630
-0.1874 -0.2815 -0.1940 -0.4766 -0.7126 0.5149 0.8021 0.6473
-0.2384 -0.2395 -0.1940 -0.6064 -0.6060 0.5149 0.8150 0.6261
-0.2804 -0.1884 -0.1940 -0.7130 -0.4759 0.5149 0.8256 0.6004
-0.3115 -0.1302 -0.1940 -0.7921 -0.3278 0.5149 0.8335 0.5709
-0.3307 -0.0669 -0.1940 -0.8408 -0.1672 0.5149 0.8383 0.5390
-0.3372 -0.0011 -0.1940 -0.8573 0.0003 0.5149 0.8399 0.5059
-0.3307 0.0646 -0.1940 -0.8408 0.1673 0.5149 0.8383 0.4727
-0.3115 0.1279 -0.1940 -0.7919 0.3283 0.5149 0.8335 0.4408
-0.2804 0.1862 -0.1940 -0.7130 0.4759 0.5149 0.8256 0.4114
-0.2384 0.2373 -0.1940 -0.6060 0.6064 0.5149 0.8150 0.3856
-0.1874 0.2792 -0.1940 -0.4759 0.7130 0.5149 0.8021 0.3644
-0.1291 0.3104 -0.1940 -0.3278 0.7921 0.5149 0.7874 0.3487
-0.0658 0.3295 -0.1940 -0.1672 0.8408 0.5149 0.7715 0.3390
0.8373 -0.0011 -1.2052 0.9281 -0.0003 0.3724 0.5437 0.5059
0.8212 0.1622 -1.2052 0.9102 0.1813 0.3724 0.5477 0.4235
-0.7736 -0.3216 -1.2052 -0.8575 -0.3550 0.3724 0.9500 0.6675
-0.6962 -0.4663 -1.2052 -0.7715 -0.5159 0.3724 0.9305 0.7405
0.8212 -0.1645 -1.2052 0.9102 -0.1813 0.3724 0.5477 0.5883
-0.8213 -0.1645 -1.2052 -0.9103 -0.1808 0.3724 0.9620 0.5883
0.7735 -0.3216 -1.2052 0.8574 -0.3553 0.3724 0.5598 0.6675
-0.8374 -0.0011 -1.2052 -0.9281 0.0003 0.3724 0.9661 0.5059
0.6962 -0.4663 -1.2052 0.7715 -0.5159 0.3724 0.5793 0.7405
-0.8213 0.1622 -1.2052 -0.9102 0.1813 0.3724 0.9620 0.4235
0.5920 -0.5932 -1.2052 0.6561 -0.6564 0.3724 0.6055 0.8045
-0.7736 0.3193 -1.2052 -0.8574 0.3553 0.3724 0.9500 0.3442
0.4651 -0.6973 -1.2052 0.5153 -0.7719 0.3724 0.6375 0.8571
-0.6962 0.4641 -1.2052 -0.7715 0.5159 0.3724 0.9305 0.2712
0.3204 -0.7747 -1.2052 0.3550 -0.8575 0.3724 0.6741 0.8961
0.1633 0.8201 -1.2052 0.1813 0.9102 0.3724 0.7137 0.0916
-0.0000 0.8362 -1.2052 -0.0003 0.9281 0.3724 0.7549 0.0835
-0.5921 0.5909 -1.2052 -0.6561 0.6564 0.3724 0.9042 0.2072
0.1633 -0.8224 -1.2052 0.1808 -0.9103 0.3724 0.7137 0.9201
0.3204 0.7724 -1.2052 0.3553 0.8574 0.3724 0.6741 0.1156
-0.4652 0.6951 -1.2052 -0.5153 0.7719 0.3724 0.8722 0.1546
-0.0000 -0.8384 -1.2052 -0.0003 -0.9281 0.3724 0.7549 0.9283
0.4651 0.6951 -1.2052 0.5159 0.7715 0.3724 0.6375 0.1546
-0.3205 0.7724 -1.2052 -0.3550 0.8575 0.3724 0.8357 0.1156
-0.1634 -0.8224 -1.2052 -0.1813 -0.9102 0.3724 0.7961 0.9201
0.5920 0.5909 -1.2052 0.6564 0.6561 0.3724 0.6055 0.2072
-0.1634 0.8201 -1.2052 -0.1808 0.9103 0.3724 0.7961 0.0916
-0.3205 -0.7747 -1.2052 -0.3553 -0.8574 0.3724 0.8357 0.8961
0.6962 0.4641 -1.2052 0.7719 0.5153 0.3724 0.5793 0.2712
-0.4652 -0.6973 -1.2052 -0.5159 -0.7715 0.3724 0.8722 0.8571
0.7735 0.3193 -1.2052 0.8575 0.3550 0.3724 0.5598 0.3442
-0.5921 -0.5932 -1.2052 -0.6564 -0.6561 0.3724 0.9042 0.8045
0.4665 -0.3128 -0.5965 0.7434 -0.4969 0.4478 0.6372 0.6631
0.5183 -0.2158 -0.5965 0.8262 -0.3418 0.4477 0.6241 0.6142
-0.5503 0.1083 -0.5965 -0.8769 0.1748 0.4477 0.8937 0.4506
-0.5611 -0.0011 -0.5965 -0.8942 -0.0003 0.4477 0.8964 0.5059
0.3967 -0.3979 -0.5965 0.6320 -0.6325 0.4477 0.6548 0.7060
-0.5184 0.2136 -0.5965 -0.8260 0.3425 0.4477 0.8856 0.3975
0.3117 -0.4676 -0.5965 0.4966 -0.7435 0.4478 0.6763 0.7412
-0.4665 0.3106 -0.5965 -0.7434 0.4969 0.4478 0.8726 0.3486
0.2147 -0.5195 -0.5965 0.3418 -0.8262 0.4477 0.7007 0.7674
0.1094 0.5491 -0.5965 0.1748 0.8769 0.4477 0.7273 0.2283
-0.0000 0.5599 -0.5965 -0.0003 0.8942 0.4477 0.7549 0.2228
-0.3968 0.3956 -0.5965 -0.6320 0.6325 0.4477 0.8550 0.3057
0.1094 -0.5514 -0.5965 0.1741 -0.8771 0.4477 0.7273 0.7835
0.2147 0.5172 -0.5965 0.3425 0.8260 0.4477 0.7007 0.2444
-0.3117 0.4654 -0.5965 -0.4966 0.7435 0.4478 0.8335 0.2705
-0.0000 -0.5622 -0.5965 -0.0003 -0.8942 0.4477 0.7549 0.7889
0.3117 0.4654 -0.5965 0.4969 0.7434 0.4478 0.6763 0.2705
-0.2147 0.5172 -0.5965 -0.3418 0.8262 0.4477 0.8090 0.2444
-0.1095 -0.5514 -0.5965 -0.1748 -0.8769 0.4477 0.7825 0.7835
0.3967 0.3956 -0.5965 0.6325 0.6320 0.4477 0.6548 0.3057
-0.1095 0.5491 -0.5965 -0.1741 0.8771 0.4477 0.7825 0.2283
-0.2147 -0.5195 -0.5965 -0.3425 -0.8260 0.4477 0.8090 0.7674
0.4665 0.3106 -0.5965 0.7435 0.4966 0.4478 0.6372 0.3486
-0.3117 -0.4676 -0.5965 -0.4969 -0.7434 0.4478 0.8335 0.7412
0.5183 0.2136 -0.5965 0.8262 0.3418 0.4477 0.6241 0.3975
-0.3968 -0.3979 -0.5965 -0.6325 -0.6320 0.4477 0.8550 0.7060
0.5502 0.1083 -0.5965 0.8771 0.1741 0.4477 0.6161 0.4506
-0.4665 -0.3128 -0.5965 -0.7435 -0.4966 0.4478 0.8726 0.6631
0.5610 -0.0011 -0.5965 0.8942 -0.0003 0.4477 0.6134 0.5059
-0.5184 -0.2158 -0.5965 -0.8262 -0.3418 0.4477 0.8856 0.6142
0.5502 -0.1106 -0.5965 0.8769 -0.1748 0.4477 0.6161 0.5611
-0.5503 -0.1106 -0.5965 -0.8771 -0.1741 0.4477 0.8937 0.5611
129 40 128
40 129 39
161 75 160
75 161 74
131 54 130
54 131 53
128 41 132
41 128 40
130 55 133
55 130 54
132 42 134
42 132 41
133 56 135
56 133 55
134 43 136
43 134 42
135 57 137
57 135 56
136 44 138
44 136 43
137 58 139
58 137 57
138 45 140
45 138 44
139 59 141
59 139 58
140 46 142
46 140 45
144 32 143
32 144 33
141 60 145
60 141 59
142 47 146
47 142 46
143 34 147
34 143 32
145 61 148
61 145 60
146 48 149
48 146 47
147 35 150
35 147 34
148 62 151
62 148 61
149 49 152
49 149 48
150 36 153
36 150 35
151 63 154
63 151 62
152 50 155
50 152 49
153 37 156
37 153 36
154 33 144
33 154 63
155 51 157
51 155 50
156 38 158
38 156 37
157 52 159
52 157 51
158 39 129
39 158 38
159 53 131
53 159 52
77 110 78
110 77 109
163 89 162
89 163 88
160 76 164
76 160 75
162 90 165
90 162 89
164 77 166
77 164 76
165 91 167
91 165 90
166 78 168
78 166 77
170 64 169
64 170 65
167 92 171
92 167 91
168 79 172
79 168 78
169 66 173
66 169 64
171 93 174
93 171 92
172 80 175
80 172 79
173 67 176
67 173 66
174 94 177
94 174 93
175 81 178
81 175 80
176 68 179
68 176 67
177 95 180
95 177 94
178 82 181
82 178 81
179 69 182
69 179 68
180 65 170
65 180 95
181 83 183
83 181 82
182 70 184
70 182 69
183 84 185
84 183 83
184 71 186
71 184 70
185 85 187
85 185 84
186 72 188
72 186 71
187 86 189
86 187 85
188 73 190
73 188 72
189 87 191
87 189 86
190 74 161
74 190 73
191 88 163
88 191 87
65 96 64
96 65 97
91 124 92
124 91 123
78 111 79
111 78 110
64 98 66
98 64 96
92 125 93
125 92 124
79 112 80
112 79 111
66 99 67
99 66 98
93 126 94
126 93 125
80 113 81
113 80 112
67 100 68
100 67 99
94 127 95
127 94 126
81 114 82
114 81 113
68 101 69
101 68 100
95 97 65
97 95 127
82 115 83
115 82 114
69 102 70
102 69 101
83 116 84
116 83 115
70 103 71
103 70 102
84 117 85
117 84 116
71 104 72
104 71 103
85 118 86
118 85 117
72 105 73
105 72 104
86 119 87
119 86 118
73 106 74
106 73 105
87 120 88
120 87 119
74 107 75
107 74 106
88 121 89
121 88 120
75 108 76
108 75 107
89 122 90
122 89 121
76 109 77
109 76 108
90 123 91
123 90 122
20 131 21
131 20 159
6 129 7
129 6 158
19 159 20
159 19 157
5 158 6
158 5 156
18 157 19
157 18 155
31 144 1
144 31 154
4 156 5
156 4 153
17 155 18
155 17 152
30 154 31
154 30 151
3 153 4
153 3 150
16 152 17
152 16 149
29 151 30
151 29 148
2 150 3
150 2 147
15 149 16
149 15 146
28 148 29
148 28 145
0 147 2
147 0 143
14 146 15
146 14 142
27 145 28
145 27 141
1 143 0
143 1 144
13 142 14
142 13 140
26 141 27
141 26 139
12 140 13
140 12 138
25 139 26
139 25 137
11 138 12
138 11 136
24 137 25
137 24 135
10 136 11
136 10 134
23 135 24
135 23 133
9 134 10
134 9 132
22 133 23
133 22 130
8 132 9
132 8 128
21 130 22
130 21 131
7 128 8
128 7 129
55 163 56
163 55 191
41 161 42
161 41 190
54 191 55
191 54 189
40 190 41
190 40 188
53 189 54
189 53 187
39 188 40
188 39 186
52 187 53
187 52 185
38 186 39
186 38 184
51 185 52
185 51 183
37 184 38
184 37 182
50 183 51
183 50 181
63 170 33
170 63 180
36 182 37
182 36 179
49 181 50
181 49 178
62 180 63
180 62 177
35 179 36
179 35 176
48 178 49
178 48 175
61 177 62
177 61 174
34 176 35
176 34 173
47 175 48
175 47 172
60 174 61
174 60 171
32 173 34
173 32 169
46 172 47
172 46 168
59 171 60
171 59 167
33 169 32
169 33 170
45 168 46
168 45 166
58 167 59
167 58 165
44 166 45
166 44 164
57 165 58
165 57 162
43 164 44
164 43 160
56 162 57
162 56 163
42 160 43
160 42 161
LABEL SPSnozzle
MATERIAL 2
TEXTURE 2
FLAG 0
GEOM 697 736
0.3607 0.8698 -1.5372 -0.3591 -0.8676 -0.3439 0.6692 0.1265
0.5237 0.7827 -1.5372 -0.5214 -0.7809 -0.3439 0.7457 0.1654
0.7838 0.5226 -1.5372 -0.7806 -0.5219 -0.3439 0.8677 0.2817
0.8709 0.3596 -1.5372 -0.8674 -0.3596 -0.3439 0.9086 0.3546
-0.5238 0.7827 -1.5372 0.5219 -0.7806 -0.3439 0.2543 0.1654
-0.3608 0.8698 -1.5372 0.3596 -0.8674 -0.3439 0.3308 0.1265
-0.0000 -0.9438 -1.5372 -0.0003 0.9390 -0.3439 0.5000 0.9373
-0.1840 -0.9257 -1.5372 0.1829 0.9210 -0.3439 0.4137 0.9292
0.6665 0.6655 -1.5372 -0.6639 -0.6640 -0.3439 0.8127 0.2178
-0.1840 0.9235 -1.5372 0.1834 -0.9209 -0.3439 0.4137 0.1025
-0.3608 -0.8721 -1.5372 0.3591 0.8676 -0.3439 0.3308 0.9052
-0.0000 0.9416 -1.5372 -0.0003 -0.9390 -0.3440 0.5000 0.0944
-0.5238 -0.7850 -1.5372 0.5214 0.7809 -0.3439 0.2543 0.8663
-0.6666 -0.6677 -1.5372 0.6639 0.6640 -0.3439 0.1873 0.8139
0.9245 0.1828 -1.5372 -0.9210 -0.1829 -0.3440 0.9337 0.4336
-0.7839 -0.5249 -1.5372 0.7809 0.5214 -0.3440 0.1323 0.7500
0.9427 -0.0011 -1.5372 -0.9390 -0.0003 -0.3439 0.9422 0.5159
-0.8710 -0.3619 -1.5372 0.8674 0.3596 -0.3439 0.0914 0.6772
0.9245 -0.1850 -1.5372 -0.9210 0.1829 -0.3439 0.9337 0.5981
-0.9246 -0.1850 -1.5372 0.9209 0.1834 -0.3439 0.0663 0.5981
0.8709 -0.3619 -1.5372 -0.8676 0.3591 -0.3439 0.9086 0.6772
-0.9427 -0.0011 -1.5372 0.9390 0.0003 -0.3439 0.0578 0.5159
0.7838 -0.5249 -1.5372 -0.7809 0.5214 -0.3439 0.8677 0.7500
-0.9246 0.1828 -1.5372 0.9210 -0.1829 -0.3439 0.0663 0.4336
0.6665 -0.6677 -1.5372 -0.6640 0.6639 -0.3439 0.8127 0.8139
-0.8710 0.3596 -1.5372 0.8676 -0.3591 -0.3439 0.0914 0.3546
0.5237 -0.7850 -1.5372 -0.5219 0.7806 -0.3439 0.7457 0.8663
-0.7839 0.5226 -1.5372 0.7809 -0.5214 -0.3439 0.1323 0.2817
0.3607 -0.8721 -1.5372 -0.3596 0.8674 -0.3439 0.6692 0.9052
-0.6666 0.6655 -1.5372 0.6640 -0.6639 -0.3439 0.1873 0.2178
0.1839 -0.9257 -1.5372 -0.1834 0.9209 -0.3439 0.5863 0.9292
0.1839 0.9235 -1.5372 -0.1829 -0.9210 -0.3439 0.5863 0.1025
-0.7086 -1.0615 -2.7697 0.5431 0.8133 -0.2089 0.2237 0.9131
-0.9018 -0.9029 -2.7697 0.6916 0.6914 -0.2089 0.1484 0.8511
1.0604 0.7074 -2.7697 -0.8130 -0.5435 -0.2089 0.9135 0.2211
1.1782 0.4869 -2.7697 -0.9036 -0.3740 -0.2089 0.9594 0.3073
-0.4881 -1.1794 -2.7697 0.3740 0.9036 -0.2089 0.3097 0.9592
-0.2488 1.2497 -2.7697 0.1912 -0.9591 -0.2089 0.4030 0.0089
-0.0000 1.2742 -2.7697 -0.0002 -0.9779 -0.2089 0.5000 -0.0007
0.9018 0.9007 -2.7697 -0.6914 -0.6916 -0.2089 0.8516 0.1455
-0.2489 -1.2520 -2.7697 0.1904 0.9592 -0.2089 0.4030 0.9876
-0.4881 1.1771 -2.7697 0.3745 -0.9034 -0.2089 0.3097 0.0373
0.7085 1.0593 -2.7697 -0.5431 -0.8133 -0.2089 0.7763 0.0834
-0.0000 -1.2765 -2.7697 -0.0003 0.9779 -0.2089 0.5000 0.9972
-0.7086 1.0593 -2.7697 0.5435 -0.8130 -0.2089 0.2237 0.0834
0.4880 1.1771 -2.7697 -0.3740 -0.9036 -0.2089 0.6903 0.0373
0.2488 -1.2520 -2.7697 -0.1912 0.9591 -0.2089 0.5970 0.9876
-0.9018 0.9007 -2.7697 0.6916 -0.6914 -0.2089 0.1484 0.1455
0.2488 1.2497 -2.7697 -0.1904 -0.9592 -0.2089 0.5970 0.0089
0.4880 -1.1794 -2.7697 -0.3745 0.9034 -0.2089 0.6903 0.9592
-1.0605 0.7074 -2.7697 0.8133 -0.5431 -0.2089 0.0865 0.2211
0.7085 -1.0615 -2.7697 -0.5435 0.8130 -0.2089 0.7763 0.9131
-1.1783 0.4869 -2.7697 0.9036 -0.3740 -0.2089 0.0406 0.3073
0.9018 -0.9029 -2.7697 -0.6916 0.6914 -0.2089 0.8516 0.8511
-1.2509 0.2477 -2.7697 0.9592 -0.1904 -0.2089 0.0123 0.4009
1.0604 -0.7097 -2.7697 -0.8133 0.5431 -0.2089 0.9135 0.7755
-1.2754 -0.0011 -2.7697 0.9779 0.0003 -0.2089 0.0027 0.4983
1.1782 -0.4892 -2.7697 -0.9036 0.3740 -0.2089 0.9594 0.6892
-1.2509 -0.2499 -2.7697 0.9591 0.1912 -0.2089 0.0123 0.5956
1.2508 -0.2499 -2.7697 -0.9592 0.1904 -0.2089 0.9877 0.5956
-1.1783 -0.4892 -2.7697 0.9034 0.3745 -0.2089 0.0406 0.6892
1.2753 -0.0011 -2.7697 -0.9779 -0.0003 -0.2089 0.9973 0.4983
-1.0605 -0.7097 -2.7697 0.8130 0.5435 -0.2089 0.0865 0.7755
1.2508 0.2477 -2.7697 -0.9591 -0.1912 -0.2089 0.9877 0.4009
0.3584 0.8643 -1.5391 -0.3632 -0.8775 -0.3133 0.6682 0.1290
0.5204 0.7777 -1.5391 -0.5278 -0.7895 -0.3133 0.7441 0.1677
0.7788 0.5193 -1.5391 -0.7896 -0.5277 -0.3133 0.8654 0.2832
0.8654 0.3573 -1.5391 -0.8775 -0.3632 -0.3133 0.9060 0.3556
-0.5204 0.7777 -1.5391 0.5278 -0.7895 -0.3133 0.2559 0.1677
-0.3585 0.8643 -1.5391 0.3632 -0.8775 -0.3133 0.3318 0.1290
-0.0000 -0.9378 -1.5391 -0.0002 0.9497 -0.3133 0.5000 0.9347
-0.1828 -0.9198 -1.5391 0.1855 0.9314 -0.3133 0.4143 0.9266
0.6623 0.6612 -1.5391 -0.6717 -0.6714 -0.3133 0.8107 0.2197
-0.1828 0.9176 -1.5391 0.1850 -0.9315 -0.3133 0.4143 0.1051
-0.3585 -0.8665 -1.5391 0.3637 0.8773 -0.3133 0.3318 0.9028
-0.0000 0.9356 -1.5391 -0.0002 -0.9497 -0.3133 0.5000 0.0971
-0.5204 -0.7800 -1.5391 0.5278 0.7895 -0.3133 0.2559 0.8641
-0.6624 -0.6635 -1.5391 0.6717 0.6714 -0.3133 0.1893 0.8120
0.9187 0.1816 -1.5391 -0.9315 -0.1850 -0.3133 0.9310 0.4342
-0.7789 -0.5215 -1.5391 0.7897 0.5275 -0.3133 0.1346 0.7485
0.9367 -0.0011 -1.5391 -0.9497 0.0002 -0.3133 0.9394 0.5159
-0.8654 -0.3596 -1.5391 0.8775 0.3632 -0.3133 0.0940 0.6761
0.9187 -0.1839 -1.5391 -0.9314 0.1855 -0.3133 0.9310 0.5976
-0.9188 -0.1839 -1.5391 0.9315 0.1850 -0.3133 0.0690 0.5976
0.8654 -0.3596 -1.5391 -0.8773 0.3637 -0.3133 0.9060 0.6761
-0.9367 -0.0011 -1.5391 0.9497 -0.0002 -0.3133 0.0606 0.5159
0.7788 -0.5215 -1.5391 -0.7895 0.5277 -0.3133 0.8654 0.7485
-0.9187 0.1816 -1.5391 0.9314 -0.1855 -0.3133 0.0690 0.4342
0.6623 -0.6635 -1.5391 -0.6714 0.6717 -0.3133 0.8107 0.8120
-0.8654 0.3573 -1.5391 0.8773 -0.3637 -0.3133 0.0940 0.3556
0.5204 -0.7800 -1.5391 -0.5275 0.7897 -0.3133 0.7441 0.8641
-0.7789 0.5193 -1.5391 0.7895 -0.5277 -0.3133 0.1346 0.2832
0.3584 -0.8665 -1.5391 -0.3632 0.8775 -0.3133 0.6682 0.9028
-0.6624 0.6612 -1.5391 0.6714 -0.6717 -0.3133 0.1893 0.2197
0.1827 -0.9198 -1.5391 -0.1850 0.9315 -0.3133 0.5857 0.9266
0.1827 0.9176 -1.5391 -0.1850 -0.9315 -0.3133 0.5857 0.1051
0.5785 0.8647 -1.8361 -0.5302 -0.7941 -0.2970 0.7580 0.1108
0.3985 0.9609 -1.8361 -0.3656 -0.8821 -0.2970 0.6777 0.0678
1.1143 0.4604 -2.4459 -0.9007 -0.3733 -0.2222 0.9488 0.3117
1.0526 0.4349 -2.1707 -0.8924 -0.3700 -0.2583 0.9376 0.3163
1.1174 0.2211 -2.1707 -0.9476 -0.1883 -0.2583 0.9645 0.4055
1.1829 0.2342 -2.4459 -0.9563 -0.1900 -0.2222 0.9765 0.4032
-0.8529 -0.8540 -2.4459 0.6894 0.6895 -0.2222 0.1565 0.8430
-0.8057 -0.8068 -2.1707 0.6828 0.6834 -0.2583 0.1650 0.8343
-0.9474 -0.6341 -2.1707 0.8035 0.5364 -0.2583 0.1061 0.7623
-1.0029 -0.6712 -2.4459 0.8108 0.5415 -0.2222 0.0960 0.7691
1.1393 -0.0011 -2.1707 -0.9661 0.0002 -0.2583 0.9736 0.4982
1.2061 -0.0011 -2.4459 -0.9750 0.0001 -0.2223 0.9858 0.4983
-1.0526 -0.4371 -2.1707 0.8926 0.3697 -0.2582 0.0623 0.6801
-1.1144 -0.4627 -2.4459 0.9009 0.3729 -0.2222 0.0511 0.6848
1.1174 -0.2234 -2.1707 -0.9475 0.1886 -0.2583 0.9645 0.5909
1.1829 -0.2364 -2.4459 -0.9562 0.1904 -0.2222 0.9765 0.5934
-1.1175 -0.2234 -2.1707 0.9476 0.1883 -0.2583 0.0354 0.5909
-1.1830 -0.2364 -2.4459 0.9563 0.1900 -0.2222 0.0235 0.5934
1.0526 -0.4371 -2.1707 -0.8924 0.3700 -0.2583 0.9376 0.6801
1.1143 -0.4627 -2.4459 -0.9007 0.3733 -0.2222 0.9488 0.6848
-1.1394 -0.0011 -2.1707 0.9661 -0.0002 -0.2583 0.0263 0.4982
-1.2062 -0.0011 -2.4459 0.9750 -0.0001 -0.2223 0.0142 0.4983
0.9473 -0.6341 -2.1707 -0.8031 0.5370 -0.2583 0.8938 0.7623
1.0028 -0.6712 -2.4459 -0.8106 0.5418 -0.2222 0.9039 0.7691
-1.1175 0.2211 -2.1707 0.9475 -0.1886 -0.2583 0.0354 0.4055
-1.1830 0.2342 -2.4459 0.9562 -0.1904 -0.2222 0.0235 0.4032
0.8056 -0.8068 -2.1707 -0.6828 0.6834 -0.2583 0.8349 0.8343
0.8528 -0.8540 -2.4459 -0.6894 0.6895 -0.2223 0.8435 0.8430
-1.0526 0.4349 -2.1707 0.8924 -0.3700 -0.2583 0.0623 0.3163
-1.1144 0.4604 -2.4459 0.9007 -0.3733 -0.2222 0.0511 0.3117
0.6329 -0.9484 -2.1707 -0.5364 0.8035 -0.2583 0.7631 0.8934
0.6701 -1.0040 -2.4459 -0.5415 0.8108 -0.2222 0.7699 0.9036
-0.9474 0.6318 -2.1707 0.8030 -0.5370 -0.2583 0.1061 0.2342
-1.0029 0.6690 -2.4459 0.8106 -0.5418 -0.2222 0.0960 0.2275
0.4360 -1.0537 -2.1707 -0.3694 0.8926 -0.2583 0.6812 0.9373
0.4615 -1.1155 -2.4459 -0.3729 0.9009 -0.2222 0.6859 0.9486
-0.0000 1.2050 -2.4459 0.0001 -0.9750 -0.2222 0.5000 0.0108
-0.0000 1.1382 -2.1707 0.0002 -0.9661 -0.2583 0.4999 0.0230
0.2222 1.1163 -2.1707 -0.1886 -0.9475 -0.2583 0.5924 0.0321
0.2353 1.1818 -2.4459 -0.1904 -0.9562 -0.2222 0.5948 0.0202
-0.8057 0.8045 -2.1707 0.6828 -0.6834 -0.2583 0.1650 0.1622
-0.8529 0.8517 -2.4459 0.6893 -0.6895 -0.2223 0.1565 0.1536
0.2222 -1.1186 -2.1707 -0.1883 0.9476 -0.2583 0.5924 0.9644
0.2353 -1.1841 -2.4459 -0.1900 0.9563 -0.2222 0.5948 0.9764
0.4360 1.0515 -2.1707 -0.3700 -0.8924 -0.2583 0.6812 0.0591
0.4615 1.1132 -2.4459 -0.3733 -0.9007 -0.2222 0.6859 0.0479
-0.6330 0.9462 -2.1707 0.5364 -0.8035 -0.2583 0.2368 0.1031
-0.6701 1.0017 -2.4459 0.5415 -0.8108 -0.2222 0.2301 0.0930
-0.0000 -1.1405 -2.1707 0.0002 0.9661 -0.2583 0.4999 0.9735
-0.0000 -1.2073 -2.4459 0.0001 0.9750 -0.2223 0.5000 0.9858
0.6329 0.9462 -2.1707 -0.5370 -0.8031 -0.2583 0.7631 0.1031
0.6701 1.0017 -2.4459 -0.5418 -0.8106 -0.2222 0.7699 0.0930
-0.4360 1.0515 -2.1707 0.3697 -0.8926 -0.2582 0.3187 0.0591
-0.4616 1.1132 -2.4459 0.3729 -0.9009 -0.2222 0.3141 0.0479
-0.2223 -1.1186 -2.1707 0.1886 0.9475 -0.2583 0.4075 0.9644
-0.2354 -1.1841 -2.4459 0.1904 0.9562 -0.2222 0.4052 0.9764
0.8056 0.8045 -2.1707 -0.6834 -0.6828 -0.2583 0.8349 0.1622
0.8528 0.8517 -2.4459 -0.6895 -0.6894 -0.2223 0.8435 0.1536
-0.2223 1.1163 -2.1707 0.1883 -0.9476 -0.2583 0.4075 0.0321
-0.2353 1.1818 -2.4459 0.1900 -0.9563 -0.2222 0.4052 0.0202
-0.4360 -1.0537 -2.1707 0.3700 0.8924 -0.2583 0.3187 0.9373
-0.4616 -1.1155 -2.4459 0.3733 0.9007 -0.2222 0.3141 0.9486
0.9473 0.6318 -2.1707 -0.8035 -0.5364 -0.2583 0.8938 0.2342
1.0028 0.6690 -2.4459 -0.8108 -0.5415 -0.2222 0.9039 0.2275
-0.6330 -0.9484 -2.1707 0.5370 0.8030 -0.2583 0.2368 0.8934
-0.6701 -1.0040 -2.4459 0.5418 0.8106 -0.2222 0.2301 0.9036
0.9620 0.3974 -1.8361 -0.8821 -0.3656 -0.2970 0.9290 0.3200
0.8658 0.5774 -1.8361 -0.7941 -0.5302 -0.2970 0.8861 0.2394
-0.3985 0.9609 -1.8361 0.3656 -0.8821 -0.2970 0.3223 0.0678
-0.5786 0.8647 -1.8361 0.5302 -0.7941 -0.2970 0.2420 0.1108
-0.2032 -1.0224 -1.8361 0.1860 0.9366 -0.2970 0.4094 0.9553
-0.0000 -1.0424 -1.8361 0.0001 0.9549 -0.2969 0.5000 0.9643
0.7363 0.7352 -1.8361 -0.6749 -0.6755 -0.2970 0.8284 0.1688
-0.2032 1.0202 -1.8361 0.1866 -0.9365 -0.2970 0.4094 0.0413
-0.3985 -0.9632 -1.8361 0.3651 0.8823 -0.2970 0.3223 0.9288
-0.0000 1.0402 -1.8361 0.0001 -0.9549 -0.2969 0.5000 0.0323
-0.5786 -0.8670 -1.8361 0.5302 0.7941 -0.2970 0.2420 0.8857
-0.7364 -0.7375 -1.8361 0.6749 0.6755 -0.2970 0.1716 0.8278
1.0213 0.2020 -1.8361 -0.9365 -0.1866 -0.2970 0.9555 0.4074
-0.8659 -0.5797 -1.8361 0.7938 0.5308 -0.2970 0.1139 0.7572
1.0413 -0.0011 -1.8361 -0.9549 -0.0001 -0.2969 0.9644 0.4983
-0.9621 -0.3996 -1.8361 0.8821 0.3656 -0.2970 0.0709 0.6766
1.0213 -0.2043 -1.8361 -0.9366 0.1860 -0.2970 0.9555 0.5892
-1.0214 -0.2043 -1.8361 0.9365 0.1866 -0.2970 0.0445 0.5892
0.9620 -0.3996 -1.8361 -0.8823 0.3651 -0.2970 0.9290 0.6766
-1.0414 -0.0011 -1.8361 0.9549 0.0001 -0.2969 0.0356 0.4983
0.8658 -0.5797 -1.8361 -0.7941 0.5302 -0.2970 0.8861 0.7572
-1.0214 0.2020 -1.8361 0.9366 -0.1860 -0.2970 0.0445 0.4074
0.7363 -0.7375 -1.8361 -0.6755 0.6749 -0.2970 0.8284 0.8278
-0.9621 0.3974 -1.8361 0.8823 -0.3651 -0.2970 0.0709 0.3200
0.5785 -0.8670 -1.8361 -0.5308 0.7938 -0.2970 0.7580 0.8857
-0.8659 0.5774 -1.8361 0.7941 -0.5302 -0.2970 0.1139 0.2394
0.3985 -0.9632 -1.8361 -0.3656 0.8821 -0.2970 0.6777 0.9288
-0.7364 0.7352 -1.8361 0.6755 -0.6749 -0.2970 0.1716 0.1688
0.2031 -1.0224 -1.8361 -0.1866 0.9365 -0.2970 0.5906 0.9553
0.2031 1.0202 -1.8361 -0.1866 -0.9365 -0.2970 0.5906 0.0413
0.8073 0.1595 -1.2109 -0.9102 -0.1813 -0.3724 0.8787 0.4441
0.6514 0.1285 -0.8488 -0.8770 -0.1747 -0.4476 0.8056 0.4579
0.6642 -0.0011 -0.8488 -0.8942 0.0003 -0.4476 0.8116 0.5159
0.8231 -0.0011 -1.2109 -0.9281 0.0003 -0.3724 0.8862 0.5159
0.4847 -0.2019 -0.6033 -0.7484 0.3099 -0.5863 0.7274 0.6056
0.2758 -0.1154 -0.3580 -0.4281 0.1776 -0.8861 0.6294 0.5669
0.2482 -0.1670 -0.3580 -0.3852 0.2578 -0.8861 0.6164 0.5900
0.4362 -0.2926 -0.6033 -0.6735 0.4501 -0.5863 0.7046 0.6462
-0.6845 -0.4585 -1.2109 0.7716 0.5157 -0.3724 0.1789 0.7203
-0.5523 -0.3701 -0.8488 0.7435 0.4970 -0.4475 0.2409 0.6808
-0.6137 -0.2553 -0.8488 0.8263 0.3421 -0.4475 0.2121 0.6295
-0.7606 -0.3161 -1.2109 0.8575 0.3550 -0.3724 0.1432 0.6567
0.6514 -0.1307 -0.8488 -0.8770 0.1747 -0.4476 0.8056 0.5738
0.8073 -0.1617 -1.2109 -0.9102 0.1813 -0.3724 0.8787 0.5877
-0.6515 -0.1307 -0.8488 0.8771 0.1741 -0.4476 0.1944 0.5738
-0.8074 -0.1617 -1.2109 0.9103 0.1808 -0.3724 0.1212 0.5877
0.6136 -0.2553 -0.8488 -0.8262 0.3423 -0.4475 0.7879 0.6295
0.7605 -0.3162 -1.2109 -0.8574 0.3553 -0.3724 0.8568 0.6567
-0.6643 -0.0011 -0.8488 0.8942 -0.0003 -0.4476 0.1884 0.5159
-0.8232 -0.0011 -1.2109 0.9281 -0.0003 -0.3724 0.1138 0.5159
0.5522 -0.3701 -0.8488 -0.7435 0.4970 -0.4475 0.7591 0.6808
0.6844 -0.4585 -1.2109 -0.7716 0.5157 -0.3724 0.8211 0.7203
-0.6515 0.1285 -0.8488 0.8770 -0.1747 -0.4476 0.1944 0.4579
-0.8074 0.1595 -1.2109 0.9102 -0.1813 -0.3724 0.1212 0.4441
0.4696 -0.4708 -0.8488 -0.6320 0.6326 -0.4476 0.7203 0.7258
0.5820 -0.5832 -1.2109 -0.6561 0.6564 -0.3724 0.7731 0.7761
-0.6137 0.2531 -0.8488 0.8262 -0.3423 -0.4475 0.2121 0.4022
-0.7606 0.3139 -1.2109 0.8574 -0.3553 -0.3724 0.1432 0.3750
0.3690 -0.5534 -0.8488 -0.4967 0.7436 -0.4475 0.6731 0.7628
0.4573 -0.6856 -1.2109 -0.5155 0.7717 -0.3724 0.7145 0.8219
-0.5523 0.3679 -0.8488 0.7435 -0.4970 -0.4475 0.2409 0.3509
-0.6845 0.4562 -1.2109 0.7716 -0.5157 -0.3724 0.1789 0.3114
0.2541 -0.6148 -0.8488 -0.3421 0.8263 -0.4475 0.6192 0.7902
0.3150 -0.7617 -1.2109 -0.3550 0.8575 -0.3724 0.6478 0.8559
-0.0000 0.8221 -1.2109 0.0003 -0.9281 -0.3724 0.5000 0.1478
-0.0000 0.6631 -0.8488 0.0003 -0.8942 -0.4476 0.5000 0.2189
0.1295 0.6503 -0.8488 -0.1747 -0.8770 -0.4476 0.5608 0.2246
0.1606 0.8062 -1.2109 -0.1813 -0.9102 -0.3724 0.5753 0.1549
-0.4697 0.4685 -0.8488 0.6320 -0.6326 -0.4476 0.2797 0.3059
-0.5821 0.5810 -1.2109 0.6561 -0.6564 -0.3724 0.2269 0.2556
0.1295 -0.6526 -0.8488 -0.1741 0.8771 -0.4476 0.5608 0.8071
0.1606 -0.8085 -1.2109 -0.1808 0.9103 -0.3724 0.5753 0.8768
0.2541 0.6125 -0.8488 -0.3423 -0.8262 -0.4475 0.6192 0.2415
0.3150 0.7594 -1.2109 -0.3553 -0.8574 -0.3724 0.6478 0.1758
-0.3691 0.5511 -0.8488 0.4967 -0.7436 -0.4475 0.3269 0.2689
-0.4574 0.6833 -1.2109 0.5155 -0.7717 -0.3724 0.2855 0.2099
-0.0000 -0.6653 -0.8488 0.0003 0.8942 -0.4476 0.5000 0.8128
-0.0000 -0.8243 -1.2109 0.0003 0.9281 -0.3724 0.5000 0.8839
0.3690 0.5511 -0.8488 -0.4970 -0.7435 -0.4475 0.6731 0.2689
0.4573 0.6833 -1.2109 -0.5157 -0.7716 -0.3724 0.7145 0.2099
-0.2542 0.6125 -0.8488 0.3421 -0.8263 -0.4475 0.3808 0.2415
-0.3151 0.7594 -1.2109 0.3550 -0.8575 -0.3724 0.3522 0.1758
-0.1296 -0.6526 -0.8488 0.1747 0.8770 -0.4476 0.4392 0.8071
-0.1606 -0.8085 -1.2109 0.1813 0.9102 -0.3724 0.4247 0.8768
0.4696 0.4685 -0.8488 -0.6326 -0.6320 -0.4476 0.7203 0.3059
0.5820 0.5810 -1.2109 -0.6564 -0.6561 -0.3724 0.7731 0.2556
-0.1296 0.6503 -0.8488 0.1741 -0.8771 -0.4476 0.4392 0.2246
-0.1606 0.8062 -1.2109 0.1808 -0.9103 -0.3724 0.4247 0.1549
-0.2542 -0.6148 -0.8488 0.3423 0.8262 -0.4475 0.3808 0.7902
-0.3151 -0.7617 -1.2109 0.3553 0.8574 -0.3724 0.3522 0.8559
0.5522 0.3679 -0.8488 -0.7436 -0.4967 -0.4475 0.7591 0.3509
0.6844 0.4562 -1.2109 -0.7717 -0.5155 -0.3724 0.8211 0.3114
-0.3691 -0.5534 -0.8488 0.4970 0.7435 -0.4475 0.3269 0.7628
-0.4574 -0.6856 -1.2109 0.5157 0.7716 -0.3724 0.2854 0.8219
0.6136 0.2531 -0.8488 -0.8263 -0.3421 -0.4475 0.7879 0.4022
0.7605 0.3139 -1.2109 -0.8575 -0.3550 -0.3724 0.8568 0.3750
-0.4697 -0.4708 -0.8488 0.6326 0.6320 -0.4476 0.2797 0.7258
-0.5821 -0.5832 -1.2109 0.6564 0.6561 -0.3724 0.2269 0.7761
0.1658 -0.2494 -0.3580 -0.4082 0.6116 -0.6777 0.5778 0.6268
-0.0000 -0.0011 -0.2018 -0.0000 0.0000 -1.0000 0.5000 0.5159
0.1142 -0.2769 -0.3580 -0.2810 0.6795 -0.6777 0.5536 0.6392
-0.5247 -0.0011 -0.6033 0.8101 0.0001 -0.5863 0.2539 0.5159
-0.2986 -0.0011 -0.3580 0.4635 -0.0003 -0.8861 0.3599 0.5159
-0.2928 0.0571 -0.3580 0.4545 -0.0908 -0.8861 0.3626 0.4898
-0.5146 0.1012 -0.6033 0.7945 -0.1581 -0.5863 0.2586 0.4701
0.2111 -0.2122 -0.3580 -0.3274 0.3281 -0.8861 0.5990 0.6102
0.3709 -0.3721 -0.6033 -0.5727 0.5728 -0.5864 0.6740 0.6817
-0.2759 0.1131 -0.3580 0.4281 -0.1776 -0.8861 0.3706 0.4648
-0.4847 0.1996 -0.6033 0.7484 -0.3101 -0.5863 0.2726 0.4261
0.2914 -0.4374 -0.6033 -0.4500 0.6736 -0.5863 0.6367 0.7109
-0.2483 0.1647 -0.3580 0.3856 -0.2572 -0.8861 0.3835 0.4417
-0.4363 0.2903 -0.6033 0.6735 -0.4501 -0.5863 0.2954 0.3855
0.2007 -0.4858 -0.6033 -0.3099 0.7484 -0.5863 0.5942 0.7326
-0.0000 0.5235 -0.6033 0.0001 -0.8101 -0.5863 0.5000 0.2813
-0.0000 0.2974 -0.3580 0.0003 -0.4635 -0.8861 0.5000 0.3824
0.0582 0.2917 -0.3580 -0.0908 -0.4545 -0.8861 0.5273 0.3850
0.1023 0.5134 -0.6033 -0.1581 -0.7945 -0.5863 0.5480 0.2858
-0.2111 0.2100 -0.3580 0.3274 -0.3281 -0.8861 0.4010 0.4215
-0.3710 0.3698 -0.6033 0.5727 -0.5728 -0.5864 0.3260 0.3500
0.0582 -0.2939 -0.3580 -0.0901 0.4547 -0.8861 0.5273 0.6468
0.1023 -0.5157 -0.6033 -0.1579 0.7945 -0.5863 0.5480 0.7459
0.1142 0.2747 -0.3580 -0.1776 -0.4281 -0.8861 0.5536 0.3926
0.2007 0.4836 -0.6033 -0.3101 -0.7484 -0.5863 0.5942 0.2992
-0.1659 0.2471 -0.3580 0.2572 -0.3856 -0.8861 0.4222 0.4049
-0.2915 0.4351 -0.6033 0.4500 -0.6736 -0.5863 0.3633 0.3208
-0.0000 -0.2997 -0.3580 0.0003 0.4635 -0.8861 0.5000 0.6493
-0.0000 -0.5258 -0.6033 0.0001 0.8101 -0.5863 0.5000 0.7504
0.1658 0.2471 -0.3580 -0.2578 -0.3852 -0.8861 0.5778 0.4049
0.2914 0.4351 -0.6033 -0.4501 -0.6735 -0.5863 0.6367 0.3208
-0.1143 0.2747 -0.3580 0.1771 -0.4283 -0.8861 0.4464 0.3926
-0.2008 0.4836 -0.6033 0.3099 -0.7484 -0.5863 0.4058 0.2992
-0.0583 -0.2939 -0.3580 0.0908 0.4545 -0.8861 0.4727 0.6468
-0.1024 -0.5157 -0.6033 0.1581 0.7945 -0.5863 0.4520 0.7459
0.2111 0.2100 -0.3580 -0.3281 -0.3274 -0.8861 0.5990 0.4215
0.3709 0.3698 -0.6033 -0.5728 -0.5727 -0.5864 0.6740 0.3500
-0.0583 0.2917 -0.3580 0.0901 -0.4547 -0.8861 0.4727 0.3850
-0.1024 0.5134 -0.6033 0.1579 -0.7945 -0.5863 0.4520 0.2858
-0.1143 -0.2769 -0.3580 0.1776 0.4281 -0.8861 0.4464 0.6392
-0.2008 -0.4858 -0.6033 0.3101 0.7484 -0.5863 0.4058 0.7326
0.2482 0.1647 -0.3580 -0.3856 -0.2572 -0.8861 0.6164 0.4417
0.4362 0.2903 -0.6033 -0.6736 -0.4500 -0.5863 0.7046 0.3855
-0.1659 -0.2494 -0.3580 0.2578 0.3852 -0.8861 0.4222 0.6268
-0.2915 -0.4374 -0.6033 0.4501 0.6735 -0.5863 0.3633 0.7109
0.2758 0.1131 -0.3580 -0.4283 -0.1771 -0.8861 0.6294 0.4648
0.4847 0.1996 -0.6033 -0.7484 -0.3099 -0.5863 0.7274 0.4261
-0.2111 -0.2122 -0.3580 0.3281 0.3274 -0.8861 0.4010 0.6102
-0.3710 -0.3721 -0.6033 0.5728 0.5727 -0.5864 0.3260 0.6817
0.2928 0.0571 -0.3580 -0.4547 -0.0901 -0.8861 0.6373 0.4898
0.5145 0.1012 -0.6033 -0.7945 -0.1579 -0.5863 0.7414 0.4701
-0.2483 -0.1670 -0.3580 0.3856 0.2572 -0.8861 0.3835 0.5900
-0.4363 -0.2926 -0.6033 0.6736 0.4500 -0.5863 0.2954 0.6462
0.2985 -0.0011 -0.3580 -0.4635 0.0003 -0.8861 0.6400 0.5159
0.5246 -0.0011 -0.6033 -0.8101 0.0001 -0.5863 0.7461 0.5159
-0.2759 -0.1154 -0.3580 0.4283 0.1771 -0.8861 0.3706 0.5669
-0.4848 -0.2019 -0.6033 0.7484 0.3099 -0.5863 0.2726 0.6056
0.2928 -0.0594 -0.3580 -0.4545 0.0908 -0.8861 0.6373 0.5419
0.5145 -0.1035 -0.6033 -0.7945 0.1581 -0.5863 0.7414 0.5616
-0.2928 -0.0594 -0.3580 0.4547 0.0901 -0.8861 0.3626 0.5419
-0.5146 -0.1035 -0.6033 0.7945 0.1579 -0.5863 0.2586 0.5616
0.3626 0.8744 -1.5521 -0.3637 -0.8773 -0.3133 0.6740 0.0768
0.5264 0.7868 -1.5521 0.1736 0.2608 -0.9497 0.7470 0.1636
0.7879 0.5253 -1.5521 0.2609 0.1734 -0.9497 0.8696 0.2805
0.8755 0.3615 -1.5521 0.2892 0.1203 -0.9497 0.9107 0.3537
-0.5265 0.7868 -1.5521 0.5274 -0.7898 -0.3133 0.2474 0.1190
-0.3627 0.8744 -1.5521 -0.1203 0.2893 -0.9497 0.3299 0.1244
-0.0000 -0.9488 -1.5521 -0.0009 -0.3133 -0.9497 0.5000 0.9395
-0.1849 -0.9306 -1.5521 -0.0606 -0.3074 -0.9497 0.4133 0.9314
0.6700 0.6689 -1.5521 0.2210 0.2221 -0.9497 0.8143 0.2163
-0.1849 0.9283 -1.5521 -0.0616 0.3072 -0.9497 0.4133 0.1003
-0.3627 -0.8766 -1.5521 -0.1206 -0.2891 -0.9497 0.3299 0.9073
-0.0000 0.9465 -1.5521 0.0009 0.3132 -0.9497 0.5000 0.0922
-0.5265 -0.7891 -1.5521 -0.1745 -0.2602 -0.9497 0.2530 0.8681
-0.6701 -0.6712 -1.5521 0.6714 0.6717 -0.3133 0.1785 0.8209
0.9294 0.1837 -1.5521 -0.9314 -0.1855 -0.3133 0.9459 0.4093
-0.7880 -0.5276 -1.5521 0.7895 0.5278 -0.3133 0.1219 0.7517
0.9476 -0.0011 -1.5521 -0.9497 -0.0002 -0.3133 0.9547 0.4983
-0.8755 -0.3638 -1.5521 0.8773 0.3637 -0.3133 0.0799 0.6729
0.9294 -0.1860 -1.5521 -0.9315 0.1850 -0.3133 0.9459 0.5873
-0.9295 -0.1860 -1.5521 0.9314 0.1855 -0.3133 0.0541 0.5873
0.8755 -0.3638 -1.5521 -0.8775 0.3632 -0.3133 0.9201 0.6729
-0.9477 -0.0011 -1.5521 0.9497 0.0002 -0.3133 0.0453 0.4983
0.7879 -0.5276 -1.5521 0.2608 -0.1736 -0.9497 0.8696 0.7512
-0.9295 0.1837 -1.5521 -0.3074 0.0606 -0.9497 0.0640 0.4332
0.6700 -0.6712 -1.5521 0.2219 -0.2212 -0.9497 0.8143 0.8154
-0.8755 0.3615 -1.5521 -0.2896 0.1194 -0.9497 0.0893 0.3537
0.5264 -0.7891 -1.5521 0.1745 -0.2602 -0.9497 0.7470 0.8681
-0.7880 0.5253 -1.5521 0.7898 -0.5274 -0.3133 0.1219 0.2448
0.3626 -0.8766 -1.5521 -0.3637 0.8773 -0.3133 0.6740 0.9198
-0.6701 0.6689 -1.5521 0.6717 -0.6714 -0.3133 0.1785 0.1757
0.1848 -0.9306 -1.5521 -0.1855 0.9314 -0.3133 0.5887 0.9457
0.1848 0.9283 -1.5521 -0.1855 -0.9314 -0.3133 0.5887 0.0508
0.3603 0.8688 -1.5541 -0.3632 -0.8775 -0.3133 0.6690 0.1269
0.5231 0.7818 -1.5541 0.1736 0.2608 -0.9497 0.7454 0.1658
0.7829 0.5220 -1.5541 -0.7896 -0.5277 -0.3133 0.8673 0.2820
0.8699 0.3592 -1.5541 -0.8775 -0.3631 -0.3133 0.9081 0.3548
-0.5232 0.7818 -1.5541 0.5278 -0.7895 -0.3133 0.2546 0.1658
-0.3604 0.8688 -1.5541 -0.1203 0.2893 -0.9497 0.3309 0.1269
-0.0000 -0.9428 -1.5541 -0.0002 0.9497 -0.3133 0.5000 0.9369
-0.1837 -0.9247 -1.5541 0.1855 0.9314 -0.3133 0.4138 0.9288
-0.0000 0.9405 -1.5541 0.0009 0.3133 -0.9497 0.5000 0.0949
-0.5232 -0.7841 -1.5541 0.5278 0.7895 -0.3133 0.2546 0.8659
-0.6659 -0.6670 -1.5541 0.6717 0.6714 -0.3133 0.1876 0.8135
0.9235 0.1826 -1.5541 -0.9315 -0.1850 -0.3133 0.9332 0.4337
-0.7830 -0.5243 -1.5541 0.7897 0.5275 -0.3133 0.1327 0.7498
0.9416 -0.0011 -1.5541 -0.9497 0.0002 -0.3133 0.9417 0.5159
-0.8700 -0.3615 -1.5541 0.8775 0.3631 -0.3133 0.0919 0.6770
0.9235 -0.1848 -1.5541 -0.9314 0.1855 -0.3133 0.9332 0.5980
-0.9236 -0.1848 -1.5541 0.9315 0.1850 -0.3133 0.0667 0.5980
0.8699 -0.3615 -1.5541 -0.8773 0.3637 -0.3133 0.9081 0.6770
-0.9417 -0.0011 -1.5541 0.9497 -0.0002 -0.3133 0.0583 0.5159
0.7829 -0.5243 -1.5541 0.2608 -0.1736 -0.9497 0.8673 0.7498
-0.9236 0.1826 -1.5541 -0.3074 0.0606 -0.9497 0.0667 0.4337
0.6658 -0.6670 -1.5541 0.2219 -0.2212 -0.9497 0.8123 0.8135
-0.8700 0.3592 -1.5541 -0.2896 0.1194 -0.9497 0.0919 0.3548
0.5231 -0.7841 -1.5541 0.1745 -0.2602 -0.9497 0.7454 0.8659
-0.7830 0.5220 -1.5541 0.7896 -0.5277 -0.3133 0.1327 0.2820
0.3603 -0.8711 -1.5541 -0.3632 0.8775 -0.3133 0.6690 0.9048
-0.6659 0.6647 -1.5541 0.6714 -0.6717 -0.3133 0.1876 0.2182
0.1837 -0.9247 -1.5541 -0.1850 0.9315 -0.3133 0.5862 0.9288
0.1837 0.9224 -1.5541 -0.1850 -0.9315 -0.3133 0.5862 0.1030
0.6658 0.6647 -1.5541 -0.6717 -0.6714 -0.3133 0.8123 0.2182
-0.1837 0.9224 -1.5541 0.1850 -0.9315 -0.3133 0.4138 0.1030
-0.3604 -0.8711 -1.5541 0.3637 0.8773 -0.3133 0.3309 0.9048
0.5237 0.7827 -1.5372 -0.1734 -0.2609 0.9497 0.7457 0.1654
0.3607 0.8698 -1.5372 -0.1206 -0.2891 0.9497 0.6692 0.1265
0.8709 0.3596 -1.5372 -0.2897 -0.1190 0.9497 0.9086 0.3546
0.7838 0.5226 -1.5372 -0.2609 -0.1734 0.9497 0.8677 0.2817
-0.3608 0.8698 -1.5372 0.1209 -0.2890 0.9497 0.3308 0.1265
-0.5238 0.7827 -1.5372 0.1734 -0.2609 0.9497 0.2543 0.1654
-0.1840 -0.9257 -1.5372 0.0603 0.3074 0.9497 0.4137 0.9292
-0.0000 -0.9438 -1.5372 0.0006 0.3133 0.9497 0.5000 0.9373
0.6665 0.6655 -1.5372 -0.2221 -0.2209 0.9497 0.8127 0.2178
-0.1840 0.9235 -1.5372 0.0606 -0.3074 0.9497 0.4137 0.1025
-0.3608 -0.8721 -1.5372 0.1206 0.2891 0.9497 0.3308 0.9052
-0.0000 0.9416 -1.5372 0.0009 -0.3132 0.9497 0.5000 0.0944
-0.5238 -0.7850 -1.5372 0.1749 0.2599 0.9497 0.2543 0.8663
-0.6666 -0.6677 -1.5372 0.2210 0.2220 0.9497 0.1873 0.8139
0.9245 0.1828 -1.5372 -0.3071 -0.0619 0.9497 0.9337 0.4336
-0.7839 -0.5249 -1.5372 0.2601 0.1746 0.9497 0.1323 0.7500
0.9427 -0.0011 -1.5372 -0.3133 -0.0006 0.9497 0.9422 0.5159
-0.8710 -0.3619 -1.5372 0.2897 0.1192 0.9497 0.0914 0.6772
0.9245 -0.1850 -1.5372 -0.3071 0.0619 0.9497 0.9337 0.5981
-0.9246 -0.1850 -1.5372 0.3074 0.0603 0.9497 0.0663 0.5981
0.8709 -0.3619 -1.5372 -0.2891 0.1206 0.9497 0.9086 0.6772
-0.9427 -0.0011 -1.5372 0.3132 -0.0009 0.9497 0.0578 0.5159
0.7838 -0.5249 -1.5372 -0.2610 0.1732 0.9497 0.8677 0.7500
-0.9246 0.1828 -1.5372 0.3074 -0.0603 0.9497 0.0663 0.4336
0.6665 -0.6677 -1.5372 -0.2221 0.2210 0.9497 0.8127 0.8139
-0.8710 0.3596 -1.5372 0.2897 -0.1191 0.9497 0.0914 0.3546
0.5237 -0.7850 -1.5372 -0.1734 0.2609 0.9497 0.7457 0.8663
-0.7839 0.5226 -1.5372 0.2599 -0.1748 0.9497 0.1323 0.2817
0.3607 -0.8721 -1.5372 -0.1194 0.2896 0.9497 0.6692 0.9052
-0.6666 0.6655 -1.5372 0.2220 -0.2210 0.9497 0.1873 0.2178
0.1839 -0.9257 -1.5372 -0.0619 0.3071 0.9497 0.5863 0.9292
0.1839 0.9235 -1.5372 -0.0619 -0.3071 0.9497 0.5863 0.1025
0.5204 0.7777 -1.5391 -0.1734 -0.2609 0.9497 0.7441 0.1677
0.3584 0.8643 -1.5391 -0.1206 -0.2891 0.9497 0.6682 0.1290
0.8654 0.3573 -1.5391 -0.2897 -0.1190 0.9497 0.9060 0.3556
0.7788 0.5193 -1.5391 -0.2609 -0.1734 0.9497 0.8654 0.2832
-0.3585 0.8643 -1.5391 0.1208 -0.2890 0.9497 0.3318 0.1290
-0.5204 0.7777 -1.5391 0.1734 -0.2609 0.9497 0.2559 0.1677
-0.1828 -0.9198 -1.5391 0.0603 0.3074 0.9497 0.4143 0.9266
-0.0000 -0.9378 -1.5391 0.0006 0.3133 0.9497 0.5000 0.9347
0.6623 0.6612 -1.5391 -0.2220 -0.2210 0.9497 0.8107 0.2197
-0.1828 0.9176 -1.5391 0.0606 -0.3074 0.9497 0.4143 0.1051
-0.3585 -0.8665 -1.5391 0.1206 0.2891 0.9497 0.3318 0.9028
-0.0000 0.9356 -1.5391 0.0009 -0.3133 0.9497 0.5000 0.0971
-0.5204 -0.7800 -1.5391 0.1749 0.2599 0.9497 0.2559 0.8641
-0.6624 -0.6635 -1.5391 0.2210 0.2220 0.9497 0.1893 0.8120
0.9187 0.1816 -1.5391 -0.3071 -0.0619 0.9497 0.9310 0.4342
-0.7789 -0.5215 -1.5391 0.2601 0.1747 0.9497 0.1346 0.7485
0.9367 -0.0011 -1.5391 -0.3133 -0.0006 0.9497 0.9394 0.5159
-0.8654 -0.3596 -1.5391 0.2897 0.1192 0.9497 0.0940 0.6761
0.9187 -0.1839 -1.5391 -0.3071 0.0619 0.9497 0.9310 0.5976
-0.9188 -0.1839 -1.5391 0.3074 0.0603 0.9497 0.0690 0.5976
0.8654 -0.3596 -1.5391 -0.2891 0.1206 0.9497 0.9060 0.6761
-0.9367 -0.0011 -1.5391 0.3133 -0.0009 0.9497 0.0606 0.5159
0.7788 -0.5215 -1.5391 -0.2610 0.1732 0.9497 0.8654 0.7485
-0.9187 0.1816 -1.5391 0.3074 -0.0603 0.9497 0.0690 0.4342
0.6623 -0.6635 -1.5391 -0.2220 0.2210 0.9497 0.8107 0.8120
-0.8654 0.3573 -1.5391 0.2897 -0.1192 0.9497 0.0940 0.3556
0.5204 -0.7800 -1.5391 -0.1734 0.2609 0.9497 0.7441 0.8641
-0.7789 0.5193 -1.5391 0.2599 -0.1748 0.9497 0.1346 0.2832
0.3584 -0.8665 -1.5391 -0.1194 0.2896 0.9497 0.6682 0.9028
-0.6624 0.6612 -1.5391 0.2221 -0.2209 0.9497 0.1893 0.2197
0.1827 -0.9198 -1.5391 -0.0619 0.3071 0.9497 0.5857 0.9266
0.1827 0.9176 -1.5391 -0.0619 -0.3071 0.9497 0.5857 0.1051
0.2482 -0.1670 -0.3580 -0.6112 0.4089 -0.6777 0.6164 0.5900
0.2758 -0.1154 -0.3580 -0.6795 0.2810 -0.6777 0.6294 0.5669
0.1142 -0.2769 -0.3580 -0.1771 0.4283 -0.8861 0.5536 0.6392
0.1658 -0.2494 -0.3580 -0.2578 0.3852 -0.8861 0.5778 0.6268
-0.2928 0.0571 -0.3580 0.7211 -0.1438 -0.6777 0.3626 0.4898
-0.2986 -0.0011 -0.3580 0.7353 0.0003 -0.6777 0.3599 0.5159
0.2111 -0.2122 -0.3580 -0.5197 0.5202 -0.6777 0.5990 0.6102
-0.2759 0.1131 -0.3580 0.6792 -0.2817 -0.6777 0.3706 0.4648
-0.2483 0.1647 -0.3580 0.6112 -0.4089 -0.6777 0.3835 0.4417
0.0582 0.2917 -0.3580 -0.1438 -0.7211 -0.6777 0.5273 0.3850
-0.0000 0.2974 -0.3580 0.0003 -0.7353 -0.6777 0.5000 0.3824
-0.2111 0.2100 -0.3580 0.5197 -0.5202 -0.6777 0.4010 0.4215
0.0582 -0.2939 -0.3580 -0.1431 0.7213 -0.6777 0.5273 0.6468
0.1142 0.2747 -0.3580 -0.2817 -0.6792 -0.6777 0.5536 0.3926
-0.1659 0.2471 -0.3580 0.4082 -0.6116 -0.6777 0.4222 0.4049
-0.0000 -0.2997 -0.3580 0.0003 0.7353 -0.6777 0.5000 0.6493
0.1658 0.2471 -0.3580 -0.4089 -0.6112 -0.6777 0.5778 0.4049
-0.1143 0.2747 -0.3580 0.2810 -0.6795 -0.6777 0.4464 0.3926
-0.0583 -0.2939 -0.3580 0.1438 0.7211 -0.6777 0.4727 0.6468
0.2111 0.2100 -0.3580 -0.5202 -0.5197 -0.6777 0.5990 0.4215
-0.0583 0.2917 -0.3580 0.1431 -0.7213 -0.6777 0.4727 0.3850
-0.1143 -0.2769 -0.3580 0.2817 0.6792 -0.6777 0.4464 0.6392
0.2482 0.1647 -0.3580 -0.6116 -0.4082 -0.6777 0.6164 0.4417
-0.1659 -0.2494 -0.3580 0.4089 0.6112 -0.6777 0.4222 0.6268
0.2758 0.1131 -0.3580 -0.6795 -0.2810 -0.6777 0.6294 0.4648
-0.2111 -0.2122 -0.3580 0.5202 0.5197 -0.6777 0.4010 0.6102
0.2928 0.0571 -0.3580 -0.7213 -0.1431 -0.6777 0.6373 0.4898
-0.2483 -0.1670 -0.3580 0.6116 0.4082 -0.6777 0.3835 0.5900
0.2985 -0.0011 -0.3580 -0.7353 0.0003 -0.6777 0.6400 0.5159
-0.2759 -0.1154 -0.3580 0.6795 0.2810 -0.6777 0.3706 0.5669
0.2928 -0.0594 -0.3580 -0.7211 0.1438 -0.6777 0.6373 0.5419
-0.2928 -0.0594 -0.3580 0.7213 0.1431 -0.6777 0.3626 0.5419
-0.0000 0.9465 -1.5521 0.0002 -0.9497 -0.3133 0.5000 0.0421
0.1848 0.9283 -1.5521 0.0606 0.3074 -0.9497 0.5867 0.1003
0.1848 -0.9306 -1.5521 0.0606 -0.3074 -0.9497 0.5867 0.9314
-0.0000 -0.9488 -1.5521 0.0002 0.9497 -0.3133 0.5000 0.9545
-0.6701 0.6689 -1.5521 -0.2209 0.2221 -0.9497 0.1857 0.2163
-0.5265 0.7868 -1.5521 -0.1736 0.2608 -0.9497 0.2530 0.1636
0.3626 0.8744 -1.5521 0.1206 0.2891 -0.9497 0.6701 0.1244
0.3626 -0.8766 -1.5521 0.1206 -0.2891 -0.9497 0.6701 0.9073
-0.7880 0.5253 -1.5521 -0.2608 0.1736 -0.9497 0.1304 0.2805
0.5264 -0.7891 -1.5521 -0.5278 0.7895 -0.3133 0.7526 0.8776
-0.8755 0.3615 -1.5521 0.8775 -0.3632 -0.3133 0.0799 0.3237
0.6700 -0.6712 -1.5521 -0.6717 0.6714 -0.3133 0.8215 0.8209
-0.9295 0.1837 -1.5521 0.9315 -0.1850 -0.3133 0.0541 0.4093
0.7879 -0.5276 -1.5521 -0.7898 0.5274 -0.3133 0.8780 0.7517
-0.9477 -0.0011 -1.5521 -0.3133 0.0006 -0.9497 0.0554 0.5159
0.8755 -0.3638 -1.5521 0.2892 -0.1203 -0.9497 0.9107 0.6780
-0.9295 -0.1860 -1.5521 -0.3074 -0.0606 -0.9497 0.0640 0.5985
0.9294 -0.1860 -1.5521 0.3072 -0.0616 -0.9497 0.9360 0.5985
-0.8755 -0.3638 -1.5521 -0.2897 -0.1192 -0.9497 0.0893 0.6780
0.9476 -0.0011 -1.5521 0.3133 -0.0006 -0.9497 0.9445 0.5159
-0.7880 -0.5276 -1.5521 -0.2608 -0.1736 -0.9497 0.1304 0.7512
0.9294 0.1837 -1.5521 0.3074 0.0603 -0.9497 0.9360 0.4332
-0.6701 -0.6712 -1.5521 -0.2221 -0.2209 -0.9497 0.1857 0.8154
0.8755 0.3615 -1.5521 -0.8773 -0.3637 -0.3133 0.9201 0.3237
-0.5265 -0.7891 -1.5521 0.5274 0.7898 -0.3133 0.2474 0.8776
-0.3627 -0.8766 -1.5521 0.3632 0.8775 -0.3133 0.3260 0.9198
-0.1849 0.9283 -1.5521 0.1855 -0.9314 -0.3133 0.4113 0.0508
0.6700 0.6689 -1.5521 -0.6714 -0.6717 -0.3133 0.8215 0.1757
0.7879 0.5253 -1.5521 -0.7898 -0.5274 -0.3133 0.8780 0.2448
-0.1849 -0.9306 -1.5521 0.1850 0.9315 -0.3133 0.4113 0.9457
-0.3627 0.8744 -1.5521 0.3637 -0.8773 -0.3133 0.3260 0.0768
0.5264 0.7868 -1.5521 -0.5274 -0.7898 -0.3133 0.7526 0.1190
-0.0000 0.9405 -1.5541 -0.0002 -0.9497 -0.3133 0.5000 0.0949
0.1837 0.9224 -1.5541 0.0606 0.3074 -0.9497 0.5862 0.1030
0.1837 -0.9247 -1.5541 0.0606 -0.3074 -0.9497 0.5862 0.9288
-0.0000 -0.9428 -1.5541 -0.0009 -0.3132 -0.9497 0.5000 0.9369
-0.6659 0.6647 -1.5541 -0.2210 0.2220 -0.9497 0.1876 0.2182
-0.5232 0.7818 -1.5541 -0.1736 0.2608 -0.9497 0.2546 0.1658
0.3603 0.8688 -1.5541 0.1206 0.2891 -0.9497 0.6690 0.1269
0.3603 -0.8711 -1.5541 0.1206 -0.2891 -0.9497 0.6690 0.9048
-0.7830 0.5220 -1.5541 -0.2608 0.1736 -0.9497 0.1327 0.2820
0.5231 -0.7841 -1.5541 -0.5274 0.7898 -0.3133 0.7454 0.8659
-0.8700 0.3592 -1.5541 0.8772 -0.3637 -0.3133 0.0919 0.3548
0.6658 -0.6670 -1.5541 -0.6714 0.6717 -0.3133 0.8123 0.8135
-0.9236 0.1826 -1.5541 0.9314 -0.1855 -0.3133 0.0667 0.4337
0.7829 -0.5243 -1.5541 -0.7896 0.5277 -0.3133 0.8673 0.7498
-0.9417 -0.0011 -1.5541 -0.3133 0.0006 -0.9497 0.0583 0.5159
0.8699 -0.3615 -1.5541 0.2892 -0.1204 -0.9497 0.9081 0.6770
-0.9236 -0.1848 -1.5541 -0.3074 -0.0606 -0.9497 0.0667 0.5980
0.9235 -0.1848 -1.5541 0.3072 -0.0616 -0.9497 0.9332 0.5980
-0.8700 -0.3615 -1.5541 -0.2897 -0.1192 -0.9497 0.0919 0.6770
0.9416 -0.0011 -1.5541 0.3133 -0.0006 -0.9497 0.9417 0.5159
-0.7830 -0.5243 -1.5541 -0.2608 -0.1736 -0.9497 0.1327 0.7498
0.9235 0.1826 -1.5541 0.3074 0.0603 -0.9497 0.9332 0.4337
-0.6659 -0.6670 -1.5541 -0.2220 -0.2210 -0.9497 0.1876 0.8135
0.8699 0.3592 -1.5541 0.2892 0.1203 -0.9497 0.9081 0.3548
-0.5232 -0.7841 -1.5541 -0.1745 -0.2602 -0.9497 0.2546 0.8659
-0.3604 -0.8711 -1.5541 -0.1206 -0.2891 -0.9497 0.3309 0.9048
-0.1837 0.9224 -1.5541 -0.0616 0.3072 -0.9497 0.4138 0.1030
0.6658 0.6647 -1.5541 0.2211 0.2219 -0.9497 0.8123 0.2182
0.7829 0.5220 -1.5541 0.2609 0.1734 -0.9497 0.8673 0.2820
-0.1837 -0.9247 -1.5541 -0.0606 -0.3074 -0.9497 0.4138 0.9288
-0.3604 0.8688 -1.5541 0.3632 -0.8775 -0.3133 0.3309 0.1269
0.5231 0.7818 -1.5541 -0.5278 -0.7895 -0.3133 0.7454 0.1658
-0.8710 0.3596 -1.5372 0.2891 -0.1206 0.9497 0.0914 0.3546
-0.8654 0.3573 -1.5391 0.2891 -0.1206 0.9497 0.0940 0.3556
-0.8654 0.3573 -1.5391 0.2891 -0.1206 0.9497 0.0940 0.3556
0.9427 -0.0011 -1.5372 -0.3133 0.0006 0.9497 0.9422 0.5159
0.9367 -0.0011 -1.5391 -0.3133 0.0006 0.9497 0.9394 0.5159
0.9367 -0.0011 -1.5391 -0.3133 0.0006 0.9497 0.9394 0.5159
0.6665 -0.6677 -1.5372 -0.2210 0.2220 0.9497 0.8127 0.8139
0.6623 -0.6635 -1.5391 -0.2210 0.2220 0.9497 0.8107 0.8120
0.6623 -0.6635 -1.5391 -0.2209 0.2221 0.9497 0.8107 0.8120
-0.0000 -0.9438 -1.5372 -0.0006 0.3133 0.9497 0.5000 0.9373
-0.1840 -0.9257 -1.5372 0.0619 0.3071 0.9497 0.4137 0.9292
-0.1828 -0.9198 -1.5391 0.0619 0.3071 0.9497 0.4143 0.9266
-0.1828 -0.9198 -1.5391 0.0619 0.3071 0.9497 0.4143 0.9266
-0.0000 -0.9378 -1.5391 -0.0006 0.3133 0.9497 0.5000 0.9347
-0.0000 -0.9438 -1.5372 -0.0006 0.3133 0.9497 0.5000 0.9373
-0.7839 -0.5249 -1.5372 0.2609 0.1734 0.9497 0.1323 0.7500
-0.7789 -0.5215 -1.5391 0.2609 0.1734 0.9497 0.1346 0.7485
-0.7789 -0.5215 -1.5391 0.2609 0.1734 0.9497 0.1346 0.7485
0.6665 0.6655 -1.5372 -0.2210 -0.2220 0.9497 0.8127 0.2178
0.6623 0.6612 -1.5391 -0.2210 -0.2220 0.9497 0.8107 0.2197
0.6665 0.6655 -1.5372 -0.2210 -0.2220 0.9497 0.8127 0.2178
-0.8710 -0.3619 -1.5372 0.2891 0.1206 0.9497 0.0914 0.6772
-0.8654 -0.3596 -1.5391 0.2891 0.1206 0.9497 0.0940 0.6761
-0.8710 -0.3619 -1.5372 0.2891 0.1206 0.9497 0.0914 0.6772
0.5237 -0.7850 -1.5372 -0.1746 0.2601 0.9497 0.7457 0.8663
0.5204 -0.7800 -1.5391 -0.1746 0.2601 0.9497 0.7441 0.8641
0.5237 -0.7850 -1.5372 -0.1746 0.2601 0.9497 0.7457 0.8663
-0.1840 0.9235 -1.5372 0.0616 -0.3072 0.9497 0.4137 0.1025
-0.0000 0.9416 -1.5372 -0.0009 -0.3133 0.9497 0.5000 0.0944
-0.0000 0.9356 -1.5391 -0.0009 -0.3133 0.9497 0.5000 0.0971
-0.0000 0.9356 -1.5391 -0.0009 -0.3132 0.9497 0.5000 0.0971
-0.1828 0.9176 -1.5391 0.0616 -0.3072 0.9497 0.4143 0.1051
-0.1840 0.9235 -1.5372 0.0616 -0.3072 0.9497 0.4137 0.1025
0.9245 -0.1850 -1.5372 -0.3074 0.0603 0.9497 0.9337 0.5981
0.9187 -0.1839 -1.5391 -0.3074 0.0603 0.9497 0.9310 0.5976
0.9245 -0.1850 -1.5372 -0.3074 0.0603 0.9497 0.9337 0.5981
-0.7839 0.5226 -1.5372 0.2610 -0.1732 0.9497 0.1323 0.2817
-0.6666 0.6655 -1.5372 0.2210 -0.2220 0.9497 0.1873 0.2178
-0.6624 0.6612 -1.5391 0.2210 -0.2220 0.9497 0.1893 0.2197
-0.6624 0.6612 -1.5391 0.2210 -0.2221 0.9497 0.1893 0.2197
-0.7789 0.5193 -1.5391 0.2610 -0.1732 0.9497 0.1346 0.2832
-0.7839 0.5226 -1.5372 0.2610 -0.1732 0.9497 0.1323 0.2817
-0.3608 -0.8721 -1.5372 0.1191 0.2897 0.9497 0.3308 0.9052
-0.3585 -0.8665 -1.5391 0.1191 0.2897 0.9497 0.3318 0.9028
-0.3608 -0.8721 -1.5372 0.1191 0.2897 0.9497 0.3308 0.9052
-0.9246 -0.1850 -1.5372 0.3071 0.0619 0.9497 0.0663 0.5981
-0.9188 -0.1839 -1.5391 0.3071 0.0619 0.9497 0.0690 0.5976
-0.9246 -0.1850 -1.5372 0.3071 0.0619 0.9497 0.0663 0.5981
0.7838 0.5226 -1.5372 -0.2600 -0.1747 0.9497 0.8677 0.2817
0.7788 0.5193 -1.5391 -0.2600 -0.1747 0.9497 0.8654 0.2832
0.7838 0.5226 -1.5372 -0.2600 -0.1747 0.9497 0.8677 0.2817
0.1839 -0.9257 -1.5372 -0.0603 0.3074 0.9497 0.5863 0.9292
0.1827 -0.9198 -1.5391 -0.0603 0.3074 0.9497 0.5857 0.9266
0.1827 -0.9198 -1.5391 -0.0603 0.3074 0.9497 0.5857 0.9266
-0.5238 -0.7850 -1.5372 0.1732 0.2610 0.9497 0.2543 0.8663
-0.6666 -0.6677 -1.5372 0.2221 0.2210 0.9497 0.1873 0.8139
-0.6624 -0.6635 -1.5391 0.2221 0.2210 0.9497 0.1893 0.8120
-0.6624 -0.6635 -1.5391 0.2220 0.2210 0.9497 0.1893 0.8120
-0.5204 -0.7800 -1.5391 0.1732 0.2610 0.9497 0.2559 0.8641
-0.5238 -0.7850 -1.5372 0.1732 0.2610 0.9497 0.2543 0.8663
0.8709 -0.3619 -1.5372 -0.2897 0.1191 0.9497 0.9086 0.6772
0.7838 -0.5249 -1.5372 -0.2599 0.1748 0.9497 0.8677 0.7500
0.7788 -0.5215 -1.5391 -0.2599 0.1748 0.9497 0.8654 0.7485
0.7788 -0.5215 -1.5391 -0.2599 0.1749 0.9497 0.8654 0.7485
0.8654 -0.3596 -1.5391 -0.2897 0.1192 0.9497 0.9060 0.6761
0.8709 -0.3619 -1.5372 -0.2897 0.1192 0.9497 0.9086 0.6772
-0.5238 0.7827 -1.5372 0.1746 -0.2601 0.9497 0.2543 0.1654
-0.3608 0.8698 -1.5372 0.1189 -0.2898 0.9497 0.3308 0.1265
-0.3585 0.8643 -1.5391 0.1189 -0.2898 0.9497 0.3318 0.1290
-0.3585 0.8643 -1.5391 0.1189 -0.2898 0.9497 0.3318 0.1290
-0.5204 0.7777 -1.5391 0.1746 -0.2601 0.9497 0.2559 0.1677
-0.5238 0.7827 -1.5372 0.1746 -0.2601 0.9497 0.2543 0.1654
0.1839 0.9235 -1.5372 -0.0603 -0.3074 0.9497 0.5863 0.1025
0.1827 0.9176 -1.5391 -0.0603 -0.3074 0.9497 0.5857 0.1051
0.1839 0.9235 -1.5372 -0.0603 -0.3074 0.9497 0.5863 0.1025
0.3607 0.8698 -1.5372 -0.1191 -0.2897 0.9497 0.6692 0.1265
0.5237 0.7827 -1.5372 -0.1747 -0.2601 0.9497 0.7457 0.1654
0.5204 0.7777 -1.5391 -0.1747 -0.2601 0.9497 0.7441 0.1677
0.5204 0.7777 -1.5391 -0.1746 -0.2601 0.9497 0.7441 0.1677
0.3584 0.8643 -1.5391 -0.1191 -0.2897 0.9497 0.6682 0.1290
0.3607 0.8698 -1.5372 -0.1191 -0.2897 0.9497 0.6692 0.1265
0.8709 0.3596 -1.5372 -0.2891 -0.1207 0.9497 0.9086 0.3546
0.9245 0.1828 -1.5372 -0.3074 -0.0603 0.9497 0.9337 0.4336
0.9187 0.1816 -1.5391 -0.3074 -0.0603 0.9497 0.9310 0.4342
0.9187 0.1816 -1.5391 -0.3074 -0.0603 0.9497 0.9310 0.4342
0.8654 0.3573 -1.5391 -0.2891 -0.1207 0.9497 0.9060 0.3556
0.8709 0.3596 -1.5372 -0.2891 -0.1207 0.9497 0.9086 0.3546
-0.9427 -0.0011 -1.5372 0.3132 0.0009 0.9497 0.0578 0.5159
-0.9246 0.1828 -1.5372 0.3071 -0.0619 0.9497 0.0663 0.4336
-0.9187 0.1816 -1.5391 0.3071 -0.0619 0.9497 0.0690 0.4342
-0.9187 0.1816 -1.5391 0.3071 -0.0619 0.9497 0.0690 0.4342
-0.9367 -0.0011 -1.5391 0.3132 0.0009 0.9497 0.0606 0.5159
-0.9427 -0.0011 -1.5372 0.3132 0.0009 0.9497 0.0578 0.5159
-0.3627 -0.8766 -1.5521 -0.1192 -0.2897 -0.9497 0.3299 0.9073
-0.3604 -0.8711 -1.5541 -0.1192 -0.2897 -0.9497 0.3309 0.9048
-0.3604 -0.8711 -1.5541 -0.1191 -0.2897 -0.9497 0.3309 0.9048
-0.6701 -0.6712 -1.5521 -0.2210 -0.2221 -0.9497 0.1857 0.8154
-0.6659 -0.6670 -1.5541 -0.2210 -0.2221 -0.9497 0.1876 0.8135
-0.6659 -0.6670 -1.5541 -0.2210 -0.2221 -0.9497 0.1876 0.8135
0.9294 0.1837 -1.5521 0.3071 0.0619 -0.9497 0.9360 0.4332
0.9235 0.1826 -1.5541 0.3071 0.0619 -0.9497 0.9332 0.4337
0.9235 0.1826 -1.5541 0.3071 0.0619 -0.9497 0.9332 0.4337
0.9476 -0.0011 -1.5521 0.3133 0.0006 -0.9497 0.9445 0.5159
0.9416 -0.0011 -1.5541 0.3133 0.0006 -0.9497 0.9417 0.5159
0.9416 -0.0011 -1.5541 0.3133 0.0006 -0.9497 0.9417 0.5159
-0.8755 -0.3638 -1.5521 -0.2891 -0.1206 -0.9497 0.0893 0.6780
-0.8700 -0.3615 -1.5541 -0.2891 -0.1206 -0.9497 0.0919 0.6770
-0.8700 -0.3615 -1.5541 -0.2891 -0.1206 -0.9497 0.0919 0.6770
0.9294 -0.1860 -1.5521 0.3074 -0.0606 -0.9497 0.9360 0.5985
0.9235 -0.1848 -1.5541 0.3074 -0.0606 -0.9497 0.9332 0.5980
0.9235 -0.1848 -1.5541 0.3074 -0.0606 -0.9497 0.9332 0.5980
-0.6701 0.6689 -1.5521 -0.2220 0.2210 -0.9497 0.1857 0.2163
-0.6659 0.6647 -1.5541 -0.2220 0.2210 -0.9497 0.1876 0.2182
-0.6659 0.6647 -1.5541 -0.2221 0.2210 -0.9497 0.1876 0.2182
-0.9295 -0.1860 -1.5521 -0.3072 -0.0616 -0.9497 0.0640 0.5985
-0.9236 -0.1848 -1.5541 -0.3072 -0.0616 -0.9497 0.0667 0.5980
-0.9236 -0.1848 -1.5541 -0.3072 -0.0616 -0.9497 0.0667 0.5980
0.1848 -0.9306 -1.5521 0.0616 -0.3072 -0.9497 0.5867 0.9314
0.1837 -0.9247 -1.5541 0.0616 -0.3072 -0.9497 0.5862 0.9288
0.1837 -0.9247 -1.5541 0.0616 -0.3072 -0.9497 0.5862 0.9288
-0.1849 0.9283 -1.5521 -0.0606 0.3074 -0.9497 0.4133 0.1003
-0.1837 0.9224 -1.5541 -0.0606 0.3074 -0.9497 0.4138 0.1030
-0.1849 0.9283 -1.5521 -0.0606 0.3074 -0.9497 0.4133 0.1003
0.6700 0.6689 -1.5521 0.2220 0.2210 -0.9497 0.8143 0.2163
0.6700 0.6689 -1.5521 0.2221 0.2210 -0.9497 0.8143 0.2163
-0.1849 -0.9306 -1.5521 -0.0616 -0.3072 -0.9497 0.4133 0.9314
-0.0000 -0.9488 -1.5521 0.0009 -0.3133 -0.9497 0.5000 0.9395
-0.0000 -0.9428 -1.5541 0.0009 -0.3133 -0.9497 0.5000 0.9369
-0.0000 -0.9428 -1.5541 0.0009 -0.3132 -0.9497 0.5000 0.9369
-0.1837 -0.9247 -1.5541 -0.0616 -0.3072 -0.9497 0.4138 0.9288
-0.1849 -0.9306 -1.5521 -0.0616 -0.3072 -0.9497 0.4133 0.9314
0.7879 0.5253 -1.5521 0.2601 0.1746 -0.9497 0.8696 0.2805
0.7829 0.5220 -1.5541 0.2601 0.1746 -0.9497 0.8673 0.2820
0.7829 0.5220 -1.5541 0.2601 0.1746 -0.9497 0.8673 0.2820
0.3626 0.8744 -1.5521 0.1192 0.2897 -0.9497 0.6701 0.1244
0.3603 0.8688 -1.5541 0.1192 0.2897 -0.9497 0.6690 0.1269
0.3603 0.8688 -1.5541 0.1191 0.2897 -0.9497 0.6690 0.1269
0.3626 -0.8766 -1.5521 0.1192 -0.2897 -0.9497 0.6701 0.9073
0.3603 -0.8711 -1.5541 0.1191 -0.2897 -0.9497 0.6690 0.9048
0.3626 -0.8766 -1.5521 0.1191 -0.2897 -0.9497 0.6701 0.9073
-0.9295 0.1837 -1.5521 -0.3072 0.0616 -0.9497 0.0640 0.4332
-0.9477 -0.0011 -1.5521 -0.3133 -0.0006 -0.9497 0.0554 0.5159
-0.9417 -0.0011 -1.5541 -0.3133 -0.0006 -0.9497 0.0583 0.5159
-0.9417 -0.0011 -1.5541 -0.3133 -0.0006 -0.9497 0.0583 0.5159
-0.9236 0.1826 -1.5541 -0.3072 0.0616 -0.9497 0.0667 0.4337
-0.9295 0.1837 -1.5521 -0.3072 0.0616 -0.9497 0.0640 0.4332
0.1848 0.9283 -1.5521 0.0616 0.3072 -0.9497 0.5867 0.1003
-0.0000 0.9465 -1.5521 -0.0009 0.3133 -0.9497 0.5000 0.0922
-0.0000 0.9405 -1.5541 -0.0009 0.3133 -0.9497 0.5000 0.0949
-0.0000 0.9405 -1.5541 -0.0009 0.3132 -0.9497 0.5000 0.0949
0.1837 0.9224 -1.5541 0.0616 0.3072 -0.9497 0.5862 0.1030
0.1848 0.9283 -1.5521 0.0616 0.3072 -0.9497 0.5867 0.1003
410 444 412
444 410 442
391 427 395
427 391 423
401 435 403
435 401 433
409 443 411
443 409 441
389 426 394
426 389 421
400 434 402
434 400 432
408 546 545
547 408 440
385 425 393
425 385 417
399 549 548
550 399 431
407 552 551
553 407 439
415 424 392
424 415 447
554 556 555
557 559 558
398 561 560
562 398 430
414 422 390
422 414 446
563 420 388
420 565 564
566 436 404
436 568 567
396 448 416
448 396 428
569 445 413
445 571 570
572 574 573
575 577 576
578 437 405
437 580 579
581 583 582
584 586 585
587 429 397
429 589 588
590 438 406
438 592 591
593 419 387
419 595 594
413 597 596
598 413 445
599 601 600
602 604 603
605 607 606
608 610 609
611 613 612
614 616 615
617 418 386
418 619 618
620 622 621
623 625 624
626 628 627
629 631 630
632 634 633
635 637 636
331 542 328
542 331 538
98 100 99
100 98 101
102 104 103
104 102 105
101 106 100
106 101 107
105 108 104
108 105 109
107 110 106
110 107 111
109 112 108
112 109 113
111 114 110
114 111 115
113 116 112
116 113 117
115 118 114
118 115 119
117 120 116
120 117 121
119 122 118
122 119 123
121 124 120
124 121 125
123 126 122
126 123 127
125 128 124
128 125 129
127 130 126
130 127 131
132 134 133
134 132 135
129 136 128
136 129 137
131 138 130
138 131 139
135 140 134
140 135 141
137 142 136
142 137 143
139 144 138
144 139 145
141 146 140
146 141 147
143 148 142
148 143 149
145 150 144
150 145 151
147 152 146
152 147 153
149 154 148
154 149 155
151 156 150
156 151 157
153 158 152
158 153 159
155 133 154
133 155 132
157 160 156
160 157 161
159 99 158
99 159 98
161 103 160
103 161 102
323 540 329
540 323 541
332 539 330
539 332 361
333 639 638
640 333 537
503 537 333
537 503 535
502 536 324
536 502 534
501 642 641
643 501 533
500 645 644
646 500 532
499 533 501
533 499 531
485 521 489
521 485 517
498 648 647
649 498 530
483 520 488
520 483 515
497 651 650
652 497 529
487 514 482
514 487 519
496 654 653
655 496 528
486 657 656
658 486 518
495 660 659
661 495 527
192 194 193
194 192 195
196 449 450
449 196 199
200 202 201
202 200 203
195 204 194
204 195 205
203 206 202
206 203 207
205 208 204
208 205 209
207 210 206
210 207 211
209 212 208
212 209 213
211 214 210
214 211 215
213 216 212
216 213 217
215 218 214
218 215 219
217 220 216
220 217 221
219 222 218
222 219 223
221 224 220
224 221 225
226 228 227
228 226 229
223 230 222
230 223 231
225 232 224
232 225 233
229 234 228
234 229 235
231 236 230
236 231 237
233 238 232
238 233 239
235 240 234
240 235 241
237 242 236
242 237 243
239 244 238
244 239 245
241 246 240
246 241 247
243 248 242
248 243 249
245 250 244
250 245 251
247 252 246
252 247 253
249 227 248
227 249 226
251 254 250
254 251 255
253 256 252
256 253 257
255 258 254
258 255 259
257 193 256
193 257 192
259 201 258
201 259 200
452 451 261
263 453 454
453 263 266
199 455 449
455 199 268
266 456 453
456 266 270
268 260 455
260 268 271
270 457 456
457 270 273
271 262 260
262 271 274
275 458 459
458 275 278
273 460 457
460 273 280
274 461 262
461 274 282
278 462 458
462 278 284
280 463 460
463 280 286
282 464 461
464 282 288
284 465 462
465 284 290
286 466 463
466 286 292
288 467 464
467 288 294
290 468 465
468 290 296
292 469 466
469 292 298
294 470 467
470 294 300
296 471 468
471 296 302
298 459 469
459 298 275
300 472 470
472 300 304
302 473 471
473 302 306
304 474 472
474 304 308
306 475 473
475 306 310
308 476 474
476 308 312
310 477 475
477 310 314
312 478 476
478 312 316
314 479 477
479 314 318
316 480 478
480 316 320
318 450 479
450 318 196
320 454 480
454 320 263
276 277 261
272 279 261
451 281 261
277 283 261
279 285 261
281 287 261
283 289 261
285 291 261
287 293 261
289 295 261
291 297 261
293 299 261
295 301 261
297 276 261
299 303 261
301 305 261
303 307 261
305 309 261
307 311 261
309 313 261
311 315 261
313 317 261
315 319 261
317 197 261
319 264 261
197 198 261
264 265 261
198 267 261
265 269 261
267 452 261
269 272 261
327 663 662
664 327 516
32 102 161
102 32 33
34 98 159
98 34 35
36 161 157
161 36 32
37 132 155
132 37 38
39 159 153
159 39 34
40 157 151
157 40 36
41 155 149
155 41 37
42 153 147
153 42 39
43 151 145
151 43 40
44 149 143
149 44 41
45 147 141
147 45 42
46 145 139
145 46 43
47 143 137
143 47 44
48 141 135
141 48 45
49 139 131
139 49 46
50 137 129
137 50 47
38 135 132
135 38 48
51 131 127
131 51 49
52 129 125
129 52 50
53 127 123
127 53 51
54 125 121
125 54 52
55 123 119
123 55 53
56 121 117
121 56 54
57 119 115
119 57 55
58 117 113
117 58 56
59 115 111
115 59 57
60 113 109
113 60 58
61 111 107
111 61 59
62 109 105
109 62 60
63 107 101
107 63 61
33 105 102
105 33 62
35 101 98
101 35 63
134 171 133
171 134 191
144 190 138
190 144 167
142 189 136
189 142 165
140 191 134
191 140 97
138 188 130
188 138 190
136 187 128
187 136 189
130 186 126
186 130 188
128 185 124
185 128 187
126 184 122
184 126 186
124 183 120
183 124 185
122 182 118
182 122 184
120 181 116
181 120 183
118 180 114
180 118 182
116 179 112
179 116 181
114 178 110
178 114 180
112 177 108
177 112 179
110 176 106
176 110 178
108 175 104
175 108 177
106 174 100
174 106 176
104 173 103
173 104 175
100 162 99
162 100 174
103 172 160
172 103 173
160 170 156
170 160 172
133 169 154
169 133 171
152 163 168
163 152 158
156 166 150
166 156 170
154 164 148
164 154 169
152 96 146
96 152 168
150 167 144
167 150 166
148 165 142
165 148 164
99 163 158
163 99 162
146 97 140
97 146 96
13 200 259
200 13 15
3 192 257
192 3 14
12 259 255
259 12 13
2 257 253
257 2 3
10 255 251
255 10 12
9 226 249
226 9 11
8 253 247
253 8 2
7 251 245
251 7 10
5 249 243
249 5 9
1 247 241
247 1 8
6 245 239
245 6 7
4 243 237
243 4 5
0 241 235
241 0 1
30 239 233
239 30 6
29 237 231
237 29 4
235 31 0
31 235 229
28 233 225
233 28 30
27 231 223
231 27 29
11 229 226
229 11 31
26 225 221
225 26 28
25 223 219
223 25 27
24 221 217
221 24 26
23 219 215
219 23 25
22 217 213
217 22 24
21 215 211
215 21 23
20 213 209
213 20 22
19 211 207
211 19 21
18 209 205
209 18 20
17 207 203
207 17 19
16 205 195
205 16 18
15 203 200
203 15 17
14 195 192
195 14 16
206 263 320
263 206 210
204 196 318
196 204 208
202 320 316
320 202 206
194 318 314
318 194 204
201 316 312
316 201 202
193 314 310
314 193 194
258 312 308
312 258 201
256 310 306
310 256 193
254 308 304
308 254 258
252 306 302
306 252 256
250 304 300
304 250 254
248 275 298
275 248 227
246 302 296
302 246 252
244 300 294
300 244 250
242 298 292
298 242 248
240 296 290
296 240 246
238 294 288
294 238 244
236 292 286
292 236 242
234 290 284
290 234 240
232 288 282
288 232 238
230 286 280
286 230 236
228 284 278
284 228 234
224 282 274
282 224 232
222 280 273
280 222 230
227 278 275
278 227 228
220 274 271
274 220 224
218 273 270
273 218 222
216 271 268
271 216 220
214 270 266
270 214 218
212 268 199
268 212 216
210 266 263
266 210 214
208 199 196
199 208 212
191 481 171
481 191 352
167 351 190
351 167 484
165 350 189
350 165 325
97 352 191
352 97 321
190 349 188
349 190 351
189 348 187
348 189 350
188 490 186
490 188 349
187 491 185
491 187 348
186 492 184
492 186 490
185 493 183
493 185 491
184 494 182
494 184 492
183 342 181
342 183 493
182 341 180
341 182 494
181 340 179
340 181 342
180 339 178
339 180 341
179 338 177
338 179 340
178 337 176
337 178 339
177 336 175
336 177 338
176 335 174
335 176 337
175 334 173
334 175 336
174 504 162
504 174 335
173 505 172
505 173 334
172 506 170
506 172 505
171 507 169
507 171 481
168 509 508
509 168 163
170 510 166
510 170 506
169 511 164
511 169 507
168 512 96
512 168 508
166 484 167
484 166 510
164 325 165
325 164 511
162 509 163
509 162 504
96 321 97
321 96 512
544 64 353
64 544 65
356 66 355
66 356 67
543 68 357
68 543 69
360 70 359
70 360 71
382 65 544
65 382 72
383 69 543
69 383 73
384 71 360
71 384 74
382 66 72
66 382 355
513 73 383
73 513 75
362 74 384
74 362 76
363 76 362
76 363 77
364 67 356
67 364 78
365 77 363
77 365 79
366 78 364
78 366 80
367 79 365
79 367 81
368 80 366
80 368 82
369 81 367
81 369 83
370 82 368
82 370 84
371 83 369
83 371 85
526 84 370
84 526 86
525 85 371
85 525 87
524 86 526
86 524 88
523 87 525
87 523 89
522 88 524
88 522 90
377 89 523
89 377 91
378 90 522
90 378 92
379 91 377
91 379 93
380 92 378
92 380 94
353 95 381
95 353 64
357 93 379
93 357 68
359 94 380
94 359 70
381 75 513
75 381 95
665 358 326
358 667 666
668 354 322
354 669 540
670 672 671
673 675 674
326 518 486
518 326 358
324 677 676
678 324 536
322 680 679
681 322 354
682 376 347
376 684 683
489 375 346
375 489 521
347 374 345
374 347 376
346 373 344
373 346 375
345 372 343
372 345 374
685 687 686
688 690 689
691 693 692
694 696 695
343 528 496
528 343 372
LABEL SPStip
MATERIAL 3
TEXTURE 0
FLAG 0
GEOM 972 704
-0.0000 1.2891 -2.7666 -0.0009 0.2090 -0.9779
0.2517 1.2643 -2.7666 0.0418 0.2047 -0.9779
0.4937 1.1909 -2.7666 0.0810 0.1926 -0.9779
0.7168 1.0717 -2.7666 0.1172 0.1730 -0.9779
0.9123 0.9112 -2.7666 0.1485 0.1469 -0.9779
1.0727 0.7157 -2.7666 0.1744 0.1150 -0.9779
1.1920 0.4926 -2.7666 0.1935 0.0789 -0.9779
1.2654 0.2506 -2.7666 0.2051 0.0397 -0.9779
1.2902 -0.0011 -2.7666 0.2089 -0.0012 -0.9779
1.2654 -0.2528 -2.7666 0.2047 -0.0418 -0.9779
1.1920 -0.4949 -2.7666 0.1926 -0.0810 -0.9779
1.0727 -0.7179 -2.7666 0.1731 -0.1170 -0.9779
0.9123 -0.9135 -2.7666 0.1469 -0.1485 -0.9779
0.7168 -1.0739 -2.7666 0.1151 -0.1744 -0.9779
0.4937 -1.1931 -2.7666 0.0789 -0.1935 -0.9779
0.2517 -1.2666 -2.7666 0.0397 -0.2051 -0.9779
-0.0000 -1.2914 -2.7666 -0.0009 -0.2089 -0.9779
-0.2518 -1.2666 -2.7666 -0.0418 -0.2047 -0.9779
-0.4938 -1.1931 -2.7666 -0.0810 -0.1926 -0.9779
-0.7169 -1.0739 -2.7666 -0.1170 -0.1731 -0.9779
-0.9124 -0.9135 -2.7666 -0.1485 -0.1469 -0.9779
-1.0728 -0.7179 -2.7666 -0.1742 -0.1153 -0.9779
-1.1921 -0.4949 -2.7666 -0.1935 -0.0789 -0.9779
-1.2655 -0.2528 -2.7666 -0.2051 -0.0397 -0.9779
-1.2903 -0.0011 -2.7666 -0.2089 0.0012 -0.9779
-1.2655 0.2506 -2.7666 -0.2051 0.0397 -0.9779
-1.1921 0.4926 -2.7666 -0.1926 0.0810 -0.9779
-1.0728 0.7157 -2.7666 -0.1730 0.1172 -0.9779
-0.9124 0.9112 -2.7666 -0.1469 0.1486 -0.9779
-0.7169 1.0717 -2.7666 -0.1151 0.1744 -0.9779
-0.4938 1.1909 -2.7666 -0.0789 0.1935 -0.9779
-0.2518 1.2643 -2.7666 -0.0397 0.2051 -0.9779
0.2251 1.1307 -2.1668 0.1886 0.9475 0.2583
-0.0000 1.1529 -2.1668 -0.0002 0.9661 0.2583
0.4416 1.0651 -2.1668 0.3700 0.8924 0.2583
0.6411 0.9584 -2.1668 0.5370 0.8031 0.2583
0.8160 0.8149 -2.1668 0.6834 0.6828 0.2583
0.9595 0.6400 -2.1668 0.8035 0.5364 0.2583
1.0661 0.4405 -2.1668 0.8924 0.3700 0.2583
1.1318 0.2240 -2.1668 0.9476 0.1883 0.2583
1.1540 -0.0011 -2.1668 0.9661 -0.0002 0.2583
1.1318 -0.2263 -2.1668 0.9475 -0.1886 0.2583
1.0661 -0.4428 -2.1668 0.8924 -0.3700 0.2583
0.9595 -0.6423 -2.1668 0.8031 -0.5370 0.2583
0.8160 -0.8172 -2.1668 0.6828 -0.6834 0.2583
0.6411 -0.9607 -2.1668 0.5364 -0.8035 0.2583
0.4416 -1.0673 -2.1668 0.3694 -0.8926 0.2583
0.2251 -1.1330 -2.1668 0.1883 -0.9476 0.2583
-0.0000 -1.1552 -2.1668 -0.0002 -0.9661 0.2583
-0.2252 -1.1330 -2.1668 -0.1886 -0.9475 0.2583
-0.4417 -1.0673 -2.1668 -0.3700 -0.8924 0.2583
-0.6412 -0.9607 -2.1668 -0.5370 -0.8030 0.2583
-0.8161 -0.8172 -2.1668 -0.6828 -0.6834 0.2583
-0.9596 -0.6423 -2.1668 -0.8035 -0.5364 0.2583
-1.0662 -0.4428 -2.1668 -0.8926 -0.3694 0.2583
-1.1319 -0.2263 -2.1668 -0.9476 -0.1882 0.2583
-1.1541 -0.0011 -2.1668 -0.9661 0.0002 0.2583
-1.1319 0.2240 -2.1668 -0.9475 0.1886 0.2583
-1.0662 0.4405 -2.1668 -0.8924 0.3700 0.2583
-0.9596 0.6400 -2.1668 -0.8030 0.5370 0.2583
-0.8161 0.8149 -2.1668 -0.6828 0.6834 0.2583
-0.6412 0.9584 -2.1668 -0.5364 0.8035 0.2583
-0.4417 1.0651 -2.1668 -0.3694 0.8926 0.2583
-0.2252 1.1307 -2.1668 -0.1883 0.9476 0.2583
0.1867 0.9376 -1.5322 -0.0603 -0.3074 0.9497
-0.0000 0.9559 -1.5322 -0.0006 -0.3133 0.9497
0.3662 0.8831 -1.5322 -0.1194 -0.2896 0.9497
0.5317 0.7946 -1.5322 -0.1736 -0.2608 0.9497
0.6767 0.6756 -1.5322 -0.2210 -0.2220 0.9497
0.7957 0.5306 -1.5322 -0.2602 -0.1745 0.9497
0.8842 0.3651 -1.5322 -0.2892 -0.1204 0.9497
0.9386 0.1856 -1.5322 -0.3072 -0.0616 0.9497
0.9570 -0.0011 -1.5322 -0.3133 -0.0006 0.9497
0.9386 -0.1878 -1.5322 -0.3074 0.0606 0.9497
0.8842 -0.3674 -1.5322 -0.2892 0.1204 0.9497
0.7957 -0.5329 -1.5322 -0.2601 0.1745 0.9497
0.6767 -0.6779 -1.5322 -0.2210 0.2220 0.9497
0.5317 -0.7969 -1.5322 -0.1736 0.2608 0.9497
0.3662 -0.8853 -1.5322 -0.1191 0.2897 0.9497
0.1867 -0.9398 -1.5322 -0.0603 0.3074 0.9497
-0.0000 -0.9582 -1.5322 0.0006 0.3133 0.9497
-0.1868 -0.9398 -1.5322 0.0616 0.3072 0.9497
-0.3663 -0.8853 -1.5322 0.1206 0.2891 0.9497
-0.5318 -0.7969 -1.5322 0.1745 0.2602 0.9497
-0.6768 -0.6779 -1.5322 0.2220 0.2210 0.9497
-0.7958 -0.5328 -1.5322 0.2608 0.1736 0.9497
-0.8843 -0.3674 -1.5322 0.2896 0.1194 0.9497
-0.9387 -0.1878 -1.5322 0.3074 0.0606 0.9497
-0.9571 -0.0011 -1.5322 0.3133 0.0006 0.9497
-0.9387 0.1856 -1.5322 0.3074 -0.0606 0.9497
-0.8843 0.3651 -1.5322 0.2896 -0.1194 0.9497
-0.7958 0.5306 -1.5322 0.2608 -0.1736 0.9497
-0.6768 0.6756 -1.5322 0.2220 -0.2210 0.9497
-0.5318 0.7946 -1.5322 0.1745 -0.2602 0.9497
-0.3663 0.8831 -1.5322 0.1204 -0.2892 0.9497
-0.1868 0.9376 -1.5322 0.0616 -0.3072 0.9497
1.1975 0.2371 -2.4425 0.9563 0.1900 0.2223
1.1280 0.4661 -2.4425 0.9007 0.3733 0.2222
-1.0153 -0.6795 -2.4425 -0.8108 -0.5415 0.2222
-0.8634 -0.8645 -2.4425 -0.6894 -0.6895 0.2223
1.2209 -0.0011 -2.4425 0.9750 -0.0001 0.2223
-1.1281 -0.4684 -2.4425 -0.9009 -0.3729 0.2222
1.1975 -0.2393 -2.4425 0.9562 -0.1904 0.2222
-1.1976 -0.2393 -2.4425 -0.9563 -0.1900 0.2222
1.1280 -0.4684 -2.4425 0.9007 -0.3733 0.2222
-1.2210 -0.0011 -2.4425 -0.9750 0.0001 0.2223
1.0152 -0.6795 -2.4425 0.8106 -0.5418 0.2222
-1.1976 0.2371 -2.4425 -0.9562 0.1904 0.2222
0.8633 -0.8645 -2.4425 0.6894 -0.6895 0.2223
-1.1281 0.4661 -2.4425 -0.9007 0.3733 0.2222
0.6783 -1.0163 -2.4425 0.5415 -0.8108 0.2222
-1.0153 0.6772 -2.4425 -0.8106 0.5418 0.2222
0.4672 -1.1292 -2.4425 0.3729 -0.9009 0.2222
0.2382 1.1964 -2.4425 0.1904 0.9562 0.2222
-0.0000 1.2199 -2.4425 -0.0001 0.9750 0.2223
-0.8634 0.8622 -2.4425 -0.6894 0.6895 0.2223
0.2382 -1.1987 -2.4425 0.1900 -0.9563 0.2223
0.4672 1.1269 -2.4425 0.3733 0.9007 0.2222
-0.6784 1.0141 -2.4425 -0.5415 0.8108 0.2222
-0.0000 -1.2221 -2.4425 -0.0001 -0.9750 0.2223
0.6783 1.0141 -2.4425 0.5418 0.8106 0.2222
-0.4673 1.1269 -2.4425 -0.3729 0.9009 0.2222
-0.2382 -1.1987 -2.4425 -0.1904 -0.9562 0.2222
0.8633 0.8622 -2.4425 0.6895 0.6894 0.2223
-0.2382 1.1964 -2.4425 -0.1900 0.9563 0.2222
-0.4673 -1.1292 -2.4425 -0.3733 -0.9007 0.2222
1.0152 0.6772 -2.4425 0.8108 0.5415 0.2222
-0.6784 -1.0163 -2.4425 -0.5418 -0.8106 0.2222
0.8779 0.5855 -1.8316 0.7941 0.5302 0.2970
0.7466 0.7455 -1.8316 0.6749 0.6755 0.2970
-0.0000 1.0547 -1.8316 -0.0001 0.9549 0.2969
-0.2060 1.0344 -1.8316 -0.1866 0.9365 0.2970
-0.5866 -0.8790 -1.8316 -0.5302 -0.7941 0.2970
-0.4041 -0.9766 -1.8316 -0.3651 -0.8823 0.2970
0.9754 0.4029 -1.8316 0.8821 0.3656 0.2970
-0.7466 -0.7477 -1.8316 -0.6749 -0.6755 0.2970
1.0355 0.2049 -1.8316 0.9365 0.1866 0.2970
-0.8779 -0.5877 -1.8316 -0.7938 -0.5308 0.2970
1.0558 -0.0011 -1.8316 0.9549 0.0001 0.2969
-0.9755 -0.4052 -1.8316 -0.8821 -0.3656 0.2970
1.0355 -0.2071 -1.8316 0.9366 -0.1860 0.2970
-1.0356 -0.2071 -1.8316 -0.9365 -0.1866 0.2970
0.9754 -0.4052 -1.8316 0.8823 -0.3651 0.2970
-1.0559 -0.0011 -1.8316 -0.9549 -0.0001 0.2969
0.8779 -0.5877 -1.8316 0.7941 -0.5302 0.2970
-1.0356 0.2049 -1.8316 -0.9366 0.1860 0.2970
0.7466 -0.7477 -1.8316 0.6755 -0.6749 0.2970
-0.9755 0.4029 -1.8316 -0.8823 0.3651 0.2970
0.5866 -0.8790 -1.8316 0.5308 -0.7938 0.2970
-0.8779 0.5855 -1.8316 -0.7941 0.5302 0.2970
0.4040 -0.9766 -1.8316 0.3656 -0.8821 0.2970
0.2059 1.0344 -1.8316 0.1866 0.9365 0.2970
-0.7466 0.7455 -1.8316 -0.6755 0.6749 0.2970
0.2059 -1.0367 -1.8316 0.1866 -0.9365 0.2970
0.4040 0.9743 -1.8316 0.3656 0.8821 0.2970
-0.5866 0.8768 -1.8316 -0.5302 0.7941 0.2970
-0.0000 -1.0570 -1.8316 -0.0001 -0.9549 0.2969
0.5866 0.8768 -1.8316 0.5302 0.7941 0.2970
-0.4041 0.9743 -1.8316 -0.3656 0.8821 0.2970
-0.2060 -1.0367 -1.8316 -0.1860 -0.9366 0.2970
-0.7086 -1.0615 -2.7697 -0.1170 -0.1731 -0.9779
-0.9018 -0.9029 -2.7697 -0.1485 -0.1469 -0.9779
1.0604 0.7074 -2.7697 0.1745 0.1150 -0.9779
1.1782 0.4869 -2.7697 0.1935 0.0789 -0.9779
-0.4881 -1.1794 -2.7697 -0.0810 -0.1926 -0.9779
-0.2488 1.2497 -2.7697 -0.0394 0.2052 -0.9779
-0.0000 1.2742 -2.7697 -0.0009 0.2090 -0.9779
0.9018 0.9007 -2.7697 0.1485 0.1469 -0.9779
-0.2489 -1.2520 -2.7697 -0.0421 -0.2046 -0.9779
-0.4881 1.1771 -2.7697 -0.0789 0.1935 -0.9779
0.7085 1.0593 -2.7697 0.1172 0.1730 -0.9779
-0.0000 -1.2765 -2.7697 -0.0009 -0.2090 -0.9779
-0.7086 1.0593 -2.7697 -0.1151 0.1744 -0.9779
0.4880 1.1771 -2.7697 0.0810 0.1926 -0.9779
0.2488 -1.2520 -2.7697 0.0397 -0.2051 -0.9779
-0.9018 0.9007 -2.7697 -0.1469 0.1485 -0.9779
0.2488 1.2497 -2.7697 0.0421 0.2046 -0.9779
0.4880 -1.1794 -2.7697 0.0789 -0.1935 -0.9779
-1.0605 0.7074 -2.7697 -0.1731 0.1171 -0.9779
0.7085 -1.0615 -2.7697 0.1152 -0.1743 -0.9779
-1.1783 0.4869 -2.7697 -0.1926 0.0810 -0.9779
0.9018 -0.9029 -2.7697 0.1469 -0.1486 -0.9779
-1.2509 0.2477 -2.7697 -0.2051 0.0397 -0.9779
1.0604 -0.7097 -2.7697 0.1731 -0.1170 -0.9779
-1.2754 -0.0011 -2.7697 -0.2089 0.0012 -0.9779
1.1782 -0.4892 -2.7697 0.1926 -0.0810 -0.9779
-1.2509 -0.2499 -2.7697 -0.2052 -0.0394 -0.9779
1.2508 -0.2499 -2.7697 0.2046 -0.0421 -0.9779
-1.1783 -0.4892 -2.7697 -0.1935 -0.0789 -0.9779
1.2753 -0.0011 -2.7697 0.2089 -0.0012 -0.9779
-1.0605 -0.7097 -2.7697 -0.1744 -0.1151 -0.9779
1.2508 0.2477 -2.7697 0.2051 0.0397 -0.9779
0.1886 -0.9495 -1.5621 0.0616 -0.3072 -0.9497
-0.0000 0.9658 -1.5621 0.0006 0.3133 -0.9497
0.5372 0.8029 -1.5621 0.1736 0.2608 -0.9497
0.6837 -0.6849 -1.5621 0.2219 -0.2211 -0.9497
-0.3701 0.8922 -1.5621 -0.1204 0.2892 -0.9497
-0.6838 -0.6849 -1.5621 -0.2221 -0.2209 -0.9497
0.8039 0.5361 -1.5621 0.2608 0.1736 -0.9497
0.5372 -0.8051 -1.5621 0.1745 -0.2601 -0.9497
0.9669 -0.0011 -1.5621 0.3133 -0.0006 -0.9497
-0.8040 -0.5383 -1.5621 -0.2608 -0.1736 -0.9497
-0.6838 0.6826 -1.5621 -0.2219 0.2211 -0.9497
0.8039 -0.5383 -1.5621 0.2608 -0.1736 -0.9497
0.8933 0.3689 -1.5621 0.2893 0.1203 -0.9497
-0.8934 -0.3712 -1.5621 -0.2896 -0.1194 -0.9497
-0.8934 0.3689 -1.5621 -0.2896 0.1194 -0.9497
0.8933 -0.3712 -1.5621 0.2893 -0.1203 -0.9497
0.9483 0.1875 -1.5621 0.3074 0.0606 -0.9497
-0.9484 -0.1898 -1.5621 -0.3074 -0.0606 -0.9497
0.9483 -0.1898 -1.5621 0.3072 -0.0616 -0.9497
0.6837 0.6826 -1.5621 0.2221 0.2210 -0.9497
-0.9670 -0.0011 -1.5621 -0.3133 0.0006 -0.9497
-0.5373 -0.8051 -1.5621 -0.1745 -0.2602 -0.9497
0.3700 0.8922 -1.5621 0.1204 0.2892 -0.9497
0.1886 0.9472 -1.5621 0.0606 0.3074 -0.9497
-0.1887 -0.9495 -1.5621 -0.1855 -0.9314 0.3133
-0.1887 0.9472 -1.5621 -0.0606 0.3074 -0.9497
-0.5373 0.8029 -1.5621 -0.5274 0.7898 0.3133
-0.0000 -0.9681 -1.5621 -0.0002 -0.9497 0.3133
-0.9484 0.1875 -1.5621 -0.3074 0.0606 -0.9497
-0.8040 0.5361 -1.5621 -0.2608 0.1736 -0.9497
0.3700 -0.8945 -1.5621 0.3632 -0.8775 0.3133
-0.3701 -0.8945 -1.5621 -0.1204 -0.2892 -0.9497
0.2503 1.2575 -2.7342 -0.0418 -0.2047 0.9779
-0.0000 1.2822 -2.7342 -0.0009 -0.2090 0.9779
-0.2504 1.2575 -2.7342 0.0397 -0.2051 0.9779
-0.4911 1.1845 -2.7342 0.0791 -0.1934 0.9779
0.2503 -1.2598 -2.7342 -0.0421 0.2046 0.9779
-0.7130 1.0659 -2.7342 0.1151 -0.1744 0.9779
0.4911 -1.1867 -2.7342 -0.0810 0.1926 0.9779
-0.9075 0.9063 -2.7342 0.1471 -0.1484 0.9779
0.7129 -1.0682 -2.7342 -0.1172 0.1730 0.9779
-1.0671 0.7118 -2.7342 0.1730 -0.1172 0.9779
0.9074 -0.9086 -2.7342 -0.1485 0.1469 0.9779
-1.1857 0.4900 -2.7342 0.1926 -0.0811 0.9779
-1.2587 0.2492 -2.7342 0.2046 -0.0421 0.9779
1.0670 -0.7141 -2.7342 -0.1745 0.1150 0.9779
-1.2833 -0.0011 -2.7342 0.2089 -0.0012 0.9779
-1.2587 -0.2515 -2.7342 0.2047 0.0418 0.9779
1.1856 -0.4922 -2.7342 -0.1935 0.0788 0.9779
1.2586 -0.2515 -2.7342 -0.2051 0.0397 0.9779
-1.1857 -0.4922 -2.7342 0.1926 0.0810 0.9779
1.2833 -0.0011 -2.7342 -0.2089 -0.0012 0.9779
1.2586 0.2492 -2.7342 -0.2047 -0.0418 0.9779
-1.0671 -0.7141 -2.7342 0.1730 0.1172 0.9779
1.1856 0.4900 -2.7342 -0.1935 -0.0788 0.9779
1.0670 0.7118 -2.7342 -0.1744 -0.1150 0.9779
-0.9075 -0.9086 -2.7342 0.1469 0.1486 0.9779
0.9074 0.9063 -2.7342 -0.1485 -0.1469 0.9779
-0.7130 -1.0682 -2.7342 0.1150 0.1745 0.9779
0.7129 1.0659 -2.7342 -0.1169 -0.1732 0.9779
0.4911 1.1845 -2.7342 -0.0810 -0.1926 0.9779
-0.4911 -1.1867 -2.7342 0.0789 0.1935 0.9779
-0.0000 -1.2844 -2.7342 0.0012 0.2089 0.9779
-0.2504 -1.2598 -2.7342 0.0394 0.2052 0.9779
0.1890 0.9493 -1.5282 0.1850 0.9315 0.3133
-0.0000 0.9679 -1.5282 0.0002 0.9497 0.3133
0.3708 0.8942 -1.5282 0.3637 0.8773 0.3133
0.5383 0.8046 -1.5282 0.5274 0.7898 0.3133
0.6852 0.6841 -1.5282 0.6714 0.6717 0.3133
0.8057 0.5373 -1.5282 0.7898 0.5274 0.3133
0.8953 0.3697 -1.5282 0.8773 0.3637 0.3133
0.9504 0.1879 -1.5282 0.9314 0.1855 0.3133
0.9690 -0.0011 -1.5282 0.9497 0.0002 0.3133
0.9504 -0.1902 -1.5282 0.9315 -0.1850 0.3133
0.8953 -0.3720 -1.5282 0.8775 -0.3632 0.3133
0.8057 -0.5395 -1.5282 -0.2602 0.1745 0.9497
0.6852 -0.6864 -1.5282 -0.2210 0.2220 0.9497
0.5383 -0.8069 -1.5282 -0.1736 0.2608 0.9497
0.3708 -0.8964 -1.5282 -0.1191 0.2897 0.9497
0.1890 -0.9516 -1.5282 -0.0606 0.3074 0.9497
-0.0000 -0.9702 -1.5282 0.0006 0.3133 0.9497
-0.1891 -0.9516 -1.5282 0.0616 0.3072 0.9497
-0.3709 -0.8964 -1.5282 0.1206 0.2891 0.9497
-0.5384 -0.8069 -1.5282 0.1745 0.2602 0.9497
-0.6853 -0.6864 -1.5282 0.2220 0.2210 0.9497
-0.8058 -0.5395 -1.5282 0.2608 0.1736 0.9497
-0.8953 -0.3720 -1.5282 0.2896 0.1194 0.9497
-0.9505 -0.1902 -1.5282 0.3074 0.0606 0.9497
-0.9691 -0.0011 -1.5282 -0.9497 0.0002 0.3133
-0.9505 0.1879 -1.5282 -0.9315 0.1850 0.3133
-0.8953 0.3697 -1.5282 -0.8773 0.3637 0.3133
-0.8058 0.5373 -1.5282 -0.7898 0.5274 0.3133
-0.6853 0.6841 -1.5282 -0.6714 0.6717 0.3133
-0.5384 0.8046 -1.5282 -0.5278 0.7895 0.3133
-0.3709 0.8942 -1.5282 -0.3632 0.8775 0.3133
-0.1891 0.9493 -1.5282 -0.1855 0.9314 0.3133
0.9789 -0.0011 -1.5581 0.3133 -0.0006 -0.9497
-0.9602 0.1899 -1.5581 -0.9315 0.1850 0.3133
0.9044 0.3735 -1.5581 0.2892 0.1204 -0.9497
0.8139 0.5427 -1.5581 0.2608 0.1736 -0.9497
0.5438 0.8128 -1.5581 0.1736 0.2608 -0.9497
0.3746 0.9033 -1.5581 0.3637 0.8773 0.3133
-0.0000 0.9778 -1.5581 0.0006 0.3133 -0.9497
0.1909 0.9590 -1.5581 0.1850 0.9315 0.3133
0.9601 0.1899 -1.5581 0.3074 0.0606 -0.9497
0.6922 0.6911 -1.5581 0.2221 0.2210 -0.9497
-0.3747 -0.9056 -1.5581 -0.1204 -0.2892 -0.9497
-0.6923 -0.6933 -1.5581 -0.2221 -0.2209 -0.9497
-0.8140 -0.5450 -1.5581 -0.2608 -0.1736 -0.9497
-0.9045 -0.3758 -1.5581 -0.2896 -0.1194 -0.9497
-0.9602 -0.1921 -1.5581 -0.3074 -0.0606 -0.9497
-0.9790 -0.0011 -1.5581 -0.3133 0.0006 -0.9497
-0.5439 -0.8151 -1.5581 -0.1745 -0.2602 -0.9497
-0.1910 -0.9613 -1.5581 -0.1850 -0.9315 0.3133
0.6922 -0.6933 -1.5581 0.6717 -0.6714 0.3133
0.3746 -0.9056 -1.5581 0.3637 -0.8773 0.3133
-0.0000 -0.9801 -1.5581 0.0002 -0.9497 0.3133
0.9601 -0.1921 -1.5581 0.3072 -0.0616 -0.9497
0.9044 -0.3758 -1.5581 0.2893 -0.1203 -0.9497
0.8139 -0.5450 -1.5581 0.7895 -0.5278 0.3133
0.5438 -0.8151 -1.5581 0.5274 -0.7898 0.3133
0.1909 -0.9613 -1.5581 0.1850 -0.9315 0.3133
-0.8140 0.5427 -1.5581 -0.7898 0.5274 0.3133
-0.5439 0.8128 -1.5581 -0.5278 0.7895 0.3133
-0.1910 0.9590 -1.5581 -0.0606 0.3074 -0.9497
-0.9045 0.3735 -1.5581 -0.8773 0.3637 0.3133
-0.6923 0.6911 -1.5581 -0.6714 0.6717 0.3133
-0.3747 0.9033 -1.5581 -0.3632 0.8775 0.3133
0.2541 1.2764 -2.7639 0.1904 0.9592 0.2089
-0.0000 1.3014 -2.7639 -0.0003 0.9779 0.2089
0.4984 1.2023 -2.7639 0.3740 0.9036 0.2089
0.7236 1.0819 -2.7639 0.1172 0.1730 -0.9779
0.9210 0.9199 -2.7639 0.1485 0.1469 -0.9779
1.0830 0.7225 -2.7639 0.1744 0.1150 -0.9779
1.2034 0.4973 -2.7639 0.1935 0.0788 -0.9779
1.2775 0.2530 -2.7639 0.2052 0.0394 -0.9779
1.3025 -0.0011 -2.7639 0.2090 -0.0009 -0.9779
1.2775 -0.2552 -2.7639 0.2047 -0.0418 -0.9779
1.2034 -0.4996 -2.7639 0.1926 -0.0810 -0.9779
1.0830 -0.7248 -2.7639 0.1732 -0.1168 -0.9779
0.9210 -0.9222 -2.7639 0.1469 -0.1486 -0.9779
0.7236 -1.0842 -2.7639 0.5435 -0.8130 0.2089
0.4984 -1.2046 -2.7639 0.3745 -0.9034 0.2089
0.2541 -1.2787 -2.7639 0.1912 -0.9591 0.2089
-0.0000 -1.3037 -2.7639 -0.0003 -0.9779 0.2089
-0.2542 -1.2787 -2.7639 -0.1904 -0.9592 0.2089
-0.4985 -1.2046 -2.7639 -0.3740 -0.9036 0.2089
-0.7237 -1.0842 -2.7639 -0.5431 -0.8132 0.2089
-0.9211 -0.9222 -2.7639 -0.6914 -0.6916 0.2089
-1.0831 -0.7248 -2.7639 -0.8130 -0.5435 0.2089
-1.2035 -0.4996 -2.7639 -0.9034 -0.3745 0.2089
-1.2776 -0.2552 -2.7639 -0.9591 -0.1912 0.2089
-1.3026 -0.0011 -2.7639 -0.9779 -0.0003 0.2089
-1.2776 0.2530 -2.7639 -0.9592 0.1904 0.2089
-1.2035 0.4973 -2.7639 -0.9036 0.3740 0.2089
-1.0831 0.7225 -2.7639 -0.8132 0.5431 0.2089
-0.9211 0.9199 -2.7639 -0.6916 0.6914 0.2089
-0.7237 1.0819 -2.7639 -0.1150 0.1745 -0.9779
-0.4985 1.2023 -2.7639 -0.0789 0.1935 -0.9779
-0.2542 1.2764 -2.7639 -0.0397 0.2051 -0.9779
0.2527 1.2696 -2.7315 0.1904 0.9592 0.2089
-0.0000 1.2945 -2.7315 -0.0003 0.9779 0.2089
-0.2528 1.2696 -2.7315 -0.1908 0.9591 0.2089
-0.4959 1.1959 -2.7315 -0.3745 0.9034 0.2089
0.2527 -1.2719 -2.7315 -0.0421 0.2046 0.9779
-0.7199 1.0762 -2.7315 -0.5435 0.8130 0.2089
0.4958 -1.1982 -2.7315 -0.0810 0.1926 0.9779
-0.9162 0.9150 -2.7315 -0.6916 0.6914 0.2089
0.7198 -1.0784 -2.7315 -0.1172 0.1730 0.9779
-1.0773 0.7187 -2.7315 -0.8133 0.5431 0.2089
0.9161 -0.9173 -2.7315 -0.1485 0.1469 0.9779
-1.1971 0.4947 -2.7315 -0.9036 0.3740 0.2089
-1.2708 0.2516 -2.7315 -0.9592 0.1904 0.2089
1.0773 -0.7210 -2.7315 -0.1745 0.1150 0.9779
-1.2957 -0.0011 -2.7315 -0.9779 -0.0003 0.2089
-1.2708 -0.2539 -2.7315 0.2047 0.0418 0.9779
1.1970 -0.4970 -2.7315 -0.1935 0.0788 0.9779
1.2707 -0.2539 -2.7315 -0.2051 0.0397 0.9779
-1.1971 -0.4970 -2.7315 0.1926 0.0810 0.9779
1.2956 -0.0011 -2.7315 -0.2089 -0.0012 0.9779
1.2707 0.2516 -2.7315 -0.2047 -0.0418 0.9779
-1.0773 -0.7210 -2.7315 0.1730 0.1172 0.9779
1.1970 0.4947 -2.7315 0.9034 0.3745 0.2089
1.0773 0.7187 -2.7315 0.8130 0.5435 0.2089
-0.9162 -0.9173 -2.7315 0.1469 0.1486 0.9779
0.9161 0.9150 -2.7315 0.6914 0.6916 0.2089
-0.7199 -1.0784 -2.7315 0.1150 0.1745 0.9779
0.7198 1.0762 -2.7315 0.5431 0.8133 0.2089
0.4958 1.1959 -2.7315 0.3740 0.9036 0.2089
-0.4959 -1.1982 -2.7315 0.0789 0.1935 0.9779
-0.0000 -1.2968 -2.7315 0.0012 0.2089 0.9779
-0.2528 -1.2719 -2.7315 0.0394 0.2052 0.9779
0.8933 0.3689 -1.5621 0.8775 0.3632 0.3133
0.8039 0.5361 -1.5621 0.7895 0.5278 0.3133
0.5372 0.8029 -1.5621 0.5278 0.7895 0.3133
0.3700 0.8922 -1.5621 0.3632 0.8775 0.3133
-0.0000 0.9658 -1.5621 -0.0002 0.9497 0.3133
0.1886 0.9472 -1.5621 0.1855 0.9314 0.3133
-0.3701 0.8922 -1.5621 -0.3637 0.8773 0.3133
-0.5373 0.8029 -1.5621 -0.1736 0.2608 -0.9497
-0.1887 -0.9495 -1.5621 -0.0616 -0.3072 -0.9497
-0.0000 -0.9681 -1.5621 -0.0003 -0.3133 -0.9497
0.6837 0.6826 -1.5621 0.6717 0.6714 0.3133
-0.1887 0.9472 -1.5621 -0.1850 0.9315 0.3133
-0.3701 -0.8945 -1.5621 -0.3637 -0.8773 0.3133
-0.5373 -0.8051 -1.5621 -0.5278 -0.7895 0.3133
-0.6838 -0.6849 -1.5621 -0.6717 -0.6714 0.3133
0.9483 0.1875 -1.5621 0.9315 0.1850 0.3133
-0.8040 -0.5383 -1.5621 -0.7898 -0.5274 0.3133
0.9669 -0.0011 -1.5621 0.9497 -0.0002 0.3133
-0.8934 -0.3712 -1.5621 -0.8775 -0.3632 0.3133
0.9483 -0.1898 -1.5621 0.9314 -0.1855 0.3133
-0.9484 -0.1898 -1.5621 -0.9315 -0.1850 0.3133
0.8933 -0.3712 -1.5621 0.8773 -0.3637 0.3133
-0.9670 -0.0011 -1.5621 -0.9497 -0.0002 0.3133
0.8039 -0.5383 -1.5621 0.7898 -0.5274 0.3133
-0.9484 0.1875 -1.5621 -0.9314 0.1855 0.3133
0.6837 -0.6849 -1.5621 0.6714 -0.6717 0.3133
-0.8934 0.3689 -1.5621 -0.8775 0.3632 0.3133
0.5372 -0.8051 -1.5621 0.5278 -0.7895 0.3133
-0.8040 0.5361 -1.5621 -0.7895 0.5278 0.3133
0.3700 -0.8945 -1.5621 0.1203 -0.2892 -0.9497
-0.6838 0.6826 -1.5621 -0.6717 0.6714 0.3133
0.1886 -0.9495 -1.5621 0.1855 -0.9314 0.3133
-0.0000 -1.2844 -2.7342 0.0003 -0.9779 0.2089
0.2503 -1.2598 -2.7342 0.1904 -0.9592 0.2089
0.4911 -1.1867 -2.7342 0.3740 -0.9036 0.2089
0.7129 -1.0682 -2.7342 0.5431 -0.8133 0.2089
0.9074 -0.9086 -2.7342 0.6914 -0.6916 0.2089
1.0670 -0.7141 -2.7342 0.8130 -0.5435 0.2089
1.1856 -0.4922 -2.7342 0.9034 -0.3745 0.2089
1.2586 -0.2515 -2.7342 0.9591 -0.1912 0.2089
1.2833 -0.0011 -2.7342 0.9779 -0.0003 0.2089
1.2586 0.2492 -2.7342 0.9592 0.1904 0.2089
1.1856 0.4900 -2.7342 0.9036 0.3740 0.2089
1.0670 0.7118 -2.7342 0.8133 0.5431 0.2089
0.9074 0.9063 -2.7342 0.6916 0.6914 0.2089
0.7129 1.0659 -2.7342 0.5435 0.8130 0.2089
0.4911 1.1845 -2.7342 0.3745 0.9034 0.2089
0.2503 1.2575 -2.7342 0.1912 0.9591 0.2089
-0.0000 1.2822 -2.7342 0.0002 0.9779 0.2089
-0.2504 1.2575 -2.7342 -0.1904 0.9592 0.2089
-0.4911 1.1845 -2.7342 -0.3740 0.9036 0.2089
-0.7130 1.0659 -2.7342 -0.5431 0.8133 0.2089
-0.9075 0.9063 -2.7342 -0.6914 0.6916 0.2089
-1.0671 0.7118 -2.7342 -0.8130 0.5435 0.2089
-1.1857 0.4900 -2.7342 -0.9034 0.3745 0.2089
-1.2587 0.2492 -2.7342 -0.9591 0.1912 0.2089
-1.2833 -0.0011 -2.7342 -0.9779 0.0002 0.2089
-1.2587 -0.2515 -2.7342 -0.9592 -0.1904 0.2089
-1.1857 -0.4922 -2.7342 -0.9036 -0.3740 0.2089
-1.0671 -0.7141 -2.7342 -0.8133 -0.5431 0.2089
-0.9075 -0.9086 -2.7342 -0.6916 -0.6914 0.2089
-0.7130 -1.0682 -2.7342 -0.5435 -0.8130 0.2089
-0.4911 -1.1867 -2.7342 -0.3745 -0.9034 0.2089
-0.2504 -1.2598 -2.7342 -0.1912 -0.9591 0.2089
0.1890 0.9493 -1.5282 -0.0606 -0.3074 0.9497
-0.0000 0.9679 -1.5282 -0.0006 -0.3133 0.9497
0.3708 0.8942 -1.5282 -0.1194 -0.2896 0.9497
0.5383 0.8046 -1.5282 -0.1736 -0.2608 0.9497
0.6852 0.6841 -1.5282 -0.2210 -0.2220 0.9497
0.8057 0.5373 -1.5282 -0.2602 -0.1745 0.9497
0.8953 0.3697 -1.5282 -0.2892 -0.1204 0.9497
0.9504 0.1879 -1.5282 -0.3072 -0.0616 0.9497
0.9690 -0.0011 -1.5282 -0.3133 -0.0006 0.9497
0.9504 -0.1902 -1.5282 -0.3074 0.0606 0.9497
0.8953 -0.3720 -1.5282 -0.2892 0.1204 0.9497
0.8057 -0.5395 -1.5282 0.7895 -0.5278 0.3133
0.6852 -0.6864 -1.5282 0.6717 -0.6714 0.3133
0.5383 -0.8069 -1.5282 0.5274 -0.7898 0.3133
0.3708 -0.8964 -1.5282 0.3637 -0.8773 0.3133
0.1890 -0.9516 -1.5282 0.1850 -0.9315 0.3133
-0.0000 -0.9702 -1.5282 0.0002 -0.9497 0.3133
-0.1891 -0.9516 -1.5282 -0.1850 -0.9315 0.3133
-0.3709 -0.8964 -1.5282 -0.3632 -0.8775 0.3133
-0.5384 -0.8069 -1.5282 -0.5274 -0.7898 0.3133
-0.6853 -0.6864 -1.5282 -0.6714 -0.6717 0.3133
-0.8058 -0.5395 -1.5282 -0.7895 -0.5278 0.3133
-0.8953 -0.3720 -1.5282 -0.8773 -0.3637 0.3133
-0.9505 -0.1902 -1.5282 -0.9314 -0.1855 0.3133
-0.9691 -0.0011 -1.5282 0.3133 0.0006 0.9497
-0.9505 0.1879 -1.5282 0.3074 -0.0606 0.9497
-0.8953 0.3697 -1.5282 0.2896 -0.1194 0.9497
-0.8058 0.5373 -1.5282 0.2608 -0.1736 0.9497
-0.6853 0.6841 -1.5282 0.2220 -0.2210 0.9497
-0.5384 0.8046 -1.5282 0.1745 -0.2602 0.9497
-0.3709 0.8942 -1.5282 0.1204 -0.2892 0.9497
-0.1891 0.9493 -1.5282 0.0616 -0.3072 0.9497
0.9044 0.3735 -1.5581 0.8773 0.3637 0.3133
0.8139 0.5427 -1.5581 0.7898 0.5274 0.3133
0.5438 0.8128 -1.5581 0.5274 0.7898 0.3133
0.3746 0.9033 -1.5581 0.1204 0.2892 -0.9497
-0.0000 0.9778 -1.5581 0.0002 0.9497 0.3133
0.1909 0.9590 -1.5581 0.0606 0.3074 -0.9497
-0.3747 0.9033 -1.5581 -0.1203 0.2893 -0.9497
-0.5439 0.8128 -1.5581 -0.1736 0.2608 -0.9497
-0.1910 -0.9613 -1.5581 -0.0616 -0.3072 -0.9497
-0.0000 -0.9801 -1.5581 -0.0003 -0.3133 -0.9497
0.6922 0.6911 -1.5581 0.6714 0.6717 0.3133
-0.1910 0.9590 -1.5581 -0.1855 0.9314 0.3133
-0.3747 -0.9056 -1.5581 -0.3632 -0.8775 0.3133
-0.5439 -0.8151 -1.5581 -0.5274 -0.7898 0.3133
-0.6923 -0.6933 -1.5581 -0.6714 -0.6717 0.3133
0.9601 0.1899 -1.5581 0.9314 0.1855 0.3133
-0.8140 -0.5450 -1.5581 -0.7895 -0.5278 0.3133
0.9789 -0.0011 -1.5581 0.9497 0.0002 0.3133
-0.9045 -0.3758 -1.5581 -0.8773 -0.3637 0.3133
0.9601 -0.1921 -1.5581 0.9315 -0.1850 0.3133
-0.9602 -0.1921 -1.5581 -0.9314 -0.1855 0.3133
0.9044 -0.3758 -1.5581 0.8775 -0.3632 0.3133
-0.9790 -0.0011 -1.5581 -0.9497 0.0002 0.3133
0.8139 -0.5450 -1.5581 0.2608 -0.1736 -0.9497
-0.9602 0.1899 -1.5581 -0.3074 0.0606 -0.9497
0.6922 -0.6933 -1.5581 0.2219 -0.2212 -0.9497
-0.9045 0.3735 -1.5581 -0.2896 0.1194 -0.9497
0.5438 -0.8151 -1.5581 0.1745 -0.2602 -0.9497
-0.8140 0.5427 -1.5581 -0.2608 0.1736 -0.9497
0.3746 -0.9056 -1.5581 0.1203 -0.2893 -0.9497
-0.6923 0.6911 -1.5581 -0.2219 0.2211 -0.9497
0.1909 -0.9613 -1.5581 0.0616 -0.3072 -0.9497
0.2541 1.2764 -2.7639 0.0397 0.2051 -0.9779
-0.0000 1.3014 -2.7639 -0.0012 0.2089 -0.9779
0.4984 1.2023 -2.7639 0.0813 0.1925 -0.9779
0.7236 1.0819 -2.7639 0.5431 0.8132 0.2089
0.9210 0.9199 -2.7639 0.6914 0.6916 0.2089
1.0830 0.7225 -2.7639 0.8130 0.5435 0.2089
1.2034 0.4973 -2.7639 0.9034 0.3745 0.2089
1.2775 0.2530 -2.7639 0.9591 0.1912 0.2089
1.3025 -0.0011 -2.7639 0.9779 0.0003 0.2089
1.2775 -0.2552 -2.7639 0.9592 -0.1904 0.2089
1.2034 -0.4996 -2.7639 0.9036 -0.3741 0.2090
1.0830 -0.7248 -2.7639 0.8133 -0.5431 0.2089
0.9210 -0.9222 -2.7639 0.6916 -0.6914 0.2089
0.7236 -1.0842 -2.7639 0.1171 -0.1731 -0.9779
0.4984 -1.2046 -2.7639 0.0810 -0.1926 -0.9779
0.2541 -1.2787 -2.7639 0.0418 -0.2047 -0.9779
-0.0000 -1.3037 -2.7639 0.0009 -0.2090 -0.9779
-0.2542 -1.2787 -2.7639 -0.0397 -0.2051 -0.9779
-0.4985 -1.2046 -2.7639 -0.0789 -0.1935 -0.9779
-0.7237 -1.0842 -2.7639 -0.1153 -0.1743 -0.9779
-0.9211 -0.9222 -2.7639 -0.1469 -0.1485 -0.9779
-1.0831 -0.7248 -2.7639 -0.1732 -0.1169 -0.9779
-1.2035 -0.4996 -2.7639 -0.1926 -0.0810 -0.9779
-1.2776 -0.2552 -2.7639 -0.2047 -0.0418 -0.9779
-1.3026 -0.0011 -2.7639 -0.2090 -0.0009 -0.9779
-1.2776 0.2530 -2.7639 -0.2051 0.0397 -0.9779
-1.2035 0.4973 -2.7639 -0.1935 0.0789 -0.9779
-1.0831 0.7225 -2.7639 -0.1745 0.1150 -0.9779
-0.9211 0.9199 -2.7639 -0.1468 0.1487 -0.9779
-0.7237 1.0819 -2.7639 -0.5435 0.8130 0.2089
-0.4985 1.2023 -2.7639 -0.3745 0.9034 0.2089
-0.2542 1.2764 -2.7639 -0.1908 0.9591 0.2089
-0.0000 -1.2968 -2.7315 -0.0003 -0.9779 0.2089
0.2527 -1.2719 -2.7315 0.1912 -0.9591 0.2089
0.4958 -1.1982 -2.7315 0.3745 -0.9034 0.2089
0.7198 -1.0784 -2.7315 0.5435 -0.8130 0.2089
0.9161 -0.9173 -2.7315 0.6916 -0.6914 0.2089
1.0773 -0.7210 -2.7315 0.8133 -0.5431 0.2089
1.1970 -0.4970 -2.7315 0.9036 -0.3740 0.2090
1.2707 -0.2539 -2.7315 0.9592 -0.1904 0.2089
1.2956 -0.0011 -2.7315 0.9779 0.0003 0.2089
1.2707 0.2516 -2.7315 0.9591 0.1912 0.2089
1.1970 0.4947 -2.7315 -0.1935 -0.0788 0.9779
1.0773 0.7187 -2.7315 -0.1744 -0.1150 0.9779
0.9161 0.9150 -2.7315 -0.1486 -0.1469 0.9779
0.7198 1.0762 -2.7315 -0.1168 -0.1732 0.9779
0.4958 1.1959 -2.7315 -0.0810 -0.1926 0.9779
0.2527 1.2696 -2.7315 -0.0418 -0.2047 0.9779
-0.0000 1.2945 -2.7315 -0.0009 -0.2090 0.9779
-0.2528 1.2696 -2.7315 0.0397 -0.2051 0.9779
-0.4959 1.1959 -2.7315 0.0791 -0.1934 0.9779
-0.7199 1.0762 -2.7315 0.1151 -0.1744 0.9779
-0.9162 0.9150 -2.7315 0.1471 -0.1484 0.9779
-1.0773 0.7187 -2.7315 0.1730 -0.1172 0.9779
-1.1971 0.4947 -2.7315 0.1925 -0.0811 0.9779
-1.2708 0.2516 -2.7315 0.2046 -0.0421 0.9779
-1.2957 -0.0011 -2.7315 0.2089 -0.0012 0.9779
-1.2708 -0.2539 -2.7315 -0.9591 -0.1912 0.2089
-1.1971 -0.4970 -2.7315 -0.9034 -0.3745 0.2089
-1.0773 -0.7210 -2.7315 -0.8130 -0.5435 0.2089
-0.9162 -0.9173 -2.7315 -0.6914 -0.6916 0.2089
-0.7199 -1.0784 -2.7315 -0.5431 -0.8133 0.2089
-0.4959 -1.1982 -2.7315 -0.3740 -0.9036 0.2089
-0.2528 -1.2719 -2.7315 -0.1904 -0.9592 0.2089
-1.1921 0.4926 -2.7666 -0.1935 0.0789 -0.9779
-1.1783 0.4869 -2.7697 -0.1935 0.0789 -0.9779
-1.1783 0.4869 -2.7697 -0.1935 0.0789 -0.9779
-1.0728 0.7157 -2.7666 -0.1744 0.1150 -0.9779
-1.0605 0.7074 -2.7697 -0.1743 0.1151 -0.9779
-1.0605 0.7074 -2.7697 -0.1744 0.1151 -0.9779
0.2517 1.2643 -2.7666 0.0397 0.2051 -0.9779
0.2488 1.2497 -2.7697 0.0394 0.2052 -0.9779
0.2488 1.2497 -2.7697 0.0394 0.2052 -0.9779
-0.9124 0.9112 -2.7666 -0.1486 0.1469 -0.9779
-0.9018 0.9007 -2.7697 -0.1486 0.1469 -0.9779
-0.9018 0.9007 -2.7697 -0.1486 0.1469 -0.9779
0.4937 1.1909 -2.7666 0.0789 0.1935 -0.9779
0.4880 1.1771 -2.7697 0.0789 0.1935 -0.9779
0.4880 1.1771 -2.7697 0.0789 0.1935 -0.9779
-0.7169 1.0717 -2.7666 -0.1170 0.1731 -0.9779
-0.7086 1.0593 -2.7697 -0.1170 0.1731 -0.9779
-0.7086 1.0593 -2.7697 -0.1170 0.1731 -0.9779
0.7168 1.0717 -2.7666 0.1150 0.1745 -0.9779
0.7085 1.0593 -2.7697 0.1150 0.1745 -0.9779
0.7085 1.0593 -2.7697 0.1150 0.1744 -0.9779
-0.4938 1.1909 -2.7666 -0.0810 0.1926 -0.9779
-0.4881 1.1771 -2.7697 -0.0810 0.1926 -0.9779
-0.4881 1.1771 -2.7697 -0.0810 0.1926 -0.9779
0.9123 0.9112 -2.7666 0.1469 0.1485 -0.9779
0.9018 0.9007 -2.7697 0.1469 0.1486 -0.9779
0.9018 0.9007 -2.7697 0.1469 0.1485 -0.9779
-0.0000 1.2891 -2.7666 0.0009 0.2090 -0.9779
-0.2518 1.2643 -2.7666 -0.0418 0.2047 -0.9779
-0.2488 1.2497 -2.7697 -0.0421 0.2046 -0.9779
-0.2488 1.2497 -2.7697 -0.0421 0.2046 -0.9779
-0.0000 1.2742 -2.7697 0.0009 0.2090 -0.9779
-0.0000 1.2891 -2.7666 0.0009 0.2090 -0.9779
1.0727 0.7157 -2.7666 0.1730 0.1172 -0.9779
1.0604 0.7074 -2.7697 0.1730 0.1172 -0.9779
1.0604 0.7074 -2.7697 0.1730 0.1172 -0.9779
1.1920 0.4926 -2.7666 0.1926 0.0810 -0.9779
1.1782 0.4869 -2.7697 0.1926 0.0810 -0.9779
1.1782 0.4869 -2.7697 0.1926 0.0810 -0.9779
1.2654 0.2506 -2.7666 0.2047 0.0418 -0.9779
1.2508 0.2477 -2.7697 0.2047 0.0418 -0.9779
1.2508 0.2477 -2.7697 0.2047 0.0418 -0.9779
1.2902 -0.0011 -2.7666 0.2089 0.0012 -0.9779
1.2753 -0.0011 -2.7697 0.2089 0.0012 -0.9779
1.2753 -0.0011 -2.7697 0.2089 0.0012 -0.9779
1.2654 -0.2528 -2.7666 0.2051 -0.0397 -0.9779
1.2508 -0.2499 -2.7697 0.2052 -0.0394 -0.9779
1.2508 -0.2499 -2.7697 0.2052 -0.0394 -0.9779
1.1920 -0.4949 -2.7666 0.1935 -0.0789 -0.9779
1.1782 -0.4892 -2.7697 0.1935 -0.0789 -0.9779
1.1782 -0.4892 -2.7697 0.1935 -0.0789 -0.9779
1.0727 -0.7179 -2.7666 0.1743 -0.1152 -0.9779
1.0604 -0.7097 -2.7697 0.1743 -0.1152 -0.9779
1.0604 -0.7097 -2.7697 0.1744 -0.1151 -0.9779
0.9123 -0.9135 -2.7666 0.1486 -0.1469 -0.9779
0.9018 -0.9029 -2.7697 0.1486 -0.1469 -0.9779
0.9018 -0.9029 -2.7697 0.1485 -0.1469 -0.9779
0.7168 -1.0739 -2.7666 0.1170 -0.1732 -0.9779
0.7085 -1.0615 -2.7697 0.1170 -0.1732 -0.9779
0.7085 -1.0615 -2.7697 0.1170 -0.1732 -0.9779
0.4937 -1.1931 -2.7666 0.0810 -0.1926 -0.9779
0.4880 -1.1794 -2.7697 0.0810 -0.1926 -0.9779
0.4880 -1.1794 -2.7697 0.0810 -0.1926 -0.9779
0.2517 -1.2666 -2.7666 0.0418 -0.2047 -0.9779
0.2488 -1.2520 -2.7697 0.0418 -0.2047 -0.9779
0.2488 -1.2520 -2.7697 0.0418 -0.2047 -0.9779
-0.0000 -1.2914 -2.7666 0.0009 -0.2090 -0.9779
-0.0000 -1.2765 -2.7697 0.0009 -0.2090 -0.9779
-0.0000 -1.2765 -2.7697 0.0009 -0.2090 -0.9779
-0.2518 -1.2666 -2.7666 -0.0397 -0.2051 -0.9779
-0.2489 -1.2520 -2.7697 -0.0394 -0.2052 -0.9779
-0.2489 -1.2520 -2.7697 -0.0394 -0.2052 -0.9779
-0.4938 -1.1931 -2.7666 -0.0789 -0.1935 -0.9779
-0.4881 -1.1794 -2.7697 -0.0789 -0.1935 -0.9779
-0.4881 -1.1794 -2.7697 -0.0789 -0.1935 -0.9779
-0.7169 -1.0739 -2.7666 -0.1152 -0.1743 -0.9779
-0.7086 -1.0615 -2.7697 -0.1152 -0.1743 -0.9779
-0.7086 -1.0615 -2.7697 -0.1152 -0.1743 -0.9779
-0.9124 -0.9135 -2.7666 -0.1469 -0.1485 -0.9779
-0.9018 -0.9029 -2.7697 -0.1469 -0.1485 -0.9779
-0.9018 -0.9029 -2.7697 -0.1469 -0.1486 -0.9779
-1.0728 -0.7179 -2.7666 -0.1732 -0.1169 -0.9779
-1.0605 -0.7097 -2.7697 -0.1731 -0.1170 -0.9779
-1.0605 -0.7097 -2.7697 -0.1731 -0.1170 -0.9779
-1.1921 -0.4949 -2.7666 -0.1926 -0.0810 -0.9779
-1.1783 -0.4892 -2.7697 -0.1926 -0.0810 -0.9779
-1.1783 -0.4892 -2.7697 -0.1926 -0.0810 -0.9779
-1.2655 -0.2528 -2.7666 -0.2047 -0.0418 -0.9779
-1.2509 -0.2499 -2.7697 -0.2046 -0.0421 -0.9779
-1.2509 -0.2499 -2.7697 -0.2046 -0.0421 -0.9779
-1.2655 0.2506 -2.7666 -0.2047 0.0418 -0.9779
-1.2903 -0.0011 -2.7666 -0.2089 -0.0012 -0.9779
-1.2754 -0.0011 -2.7697 -0.2089 -0.0012 -0.9779
-1.2754 -0.0011 -2.7697 -0.2089 -0.0012 -0.9779
-1.2509 0.2477 -2.7697 -0.2047 0.0418 -0.9779
-1.2655 0.2506 -2.7666 -0.2047 0.0418 -0.9779
0.9386 -0.1878 -1.5322 -0.3072 0.0616 0.9497
0.9504 -0.1902 -1.5282 -0.3072 0.0616 0.9497
0.9386 -0.1878 -1.5322 -0.3072 0.0616 0.9497
0.9570 -0.0011 -1.5322 -0.3133 0.0006 0.9497
0.9690 -0.0011 -1.5282 -0.3133 0.0006 0.9497
0.9570 -0.0011 -1.5322 -0.3133 0.0006 0.9497
0.9386 0.1856 -1.5322 -0.3074 -0.0606 0.9497
0.9504 0.1879 -1.5282 -0.3074 -0.0606 0.9497
0.9386 0.1856 -1.5322 -0.3074 -0.0606 0.9497
0.1886 -0.9495 -1.5621 0.0606 -0.3074 -0.9497
0.1909 -0.9613 -1.5581 0.0606 -0.3074 -0.9497
0.1909 -0.9613 -1.5581 0.0606 -0.3074 -0.9497
-0.1868 0.9376 -1.5322 0.0606 -0.3074 0.9497
-0.1891 0.9493 -1.5282 0.0606 -0.3074 0.9497
-0.1868 0.9376 -1.5322 0.0606 -0.3074 0.9497
0.6767 0.6756 -1.5322 -0.2220 -0.2210 0.9497
0.6852 0.6841 -1.5282 -0.2220 -0.2210 0.9497
0.6767 0.6756 -1.5322 -0.2220 -0.2210 0.9497
-0.6768 0.6756 -1.5322 0.2210 -0.2220 0.9497
-0.6853 0.6841 -1.5282 0.2210 -0.2220 0.9497
-0.6768 0.6756 -1.5322 0.2210 -0.2220 0.9497
0.1867 0.9376 -1.5322 -0.0619 -0.3071 0.9497
-0.0000 0.9559 -1.5322 0.0006 -0.3133 0.9497
-0.0000 0.9679 -1.5282 0.0006 -0.3133 0.9497
-0.0000 0.9679 -1.5282 0.0006 -0.3133 0.9497
0.1890 0.9493 -1.5282 -0.0616 -0.3072 0.9497
0.1867 0.9376 -1.5322 -0.0619 -0.3071 0.9497
-0.9387 0.1856 -1.5322 0.3072 -0.0616 0.9497
-0.9505 0.1879 -1.5282 0.3072 -0.0616 0.9497
-0.9387 0.1856 -1.5322 0.3072 -0.0616 0.9497
0.2517 1.2643 -2.7666 0.0397 0.2051 -0.9779
0.2517 1.2643 -2.7666 0.0397 0.2051 -0.9779
-1.0728 0.7157 -2.7666 -0.1745 0.1150 -0.9779
-1.0728 0.7157 -2.7666 -0.1745 0.1150 -0.9779
0.2541 1.2764 -2.7639 0.0418 0.2047 -0.9779
0.2541 1.2764 -2.7639 0.0418 0.2047 -0.9779
-1.1921 0.4926 -2.7666 -0.1935 0.0789 -0.9779
-1.0831 0.7225 -2.7639 -0.1730 0.1172 -0.9779
-1.0831 0.7225 -2.7639 -0.1730 0.1172 -0.9779
-1.1921 0.4926 -2.7666 -0.1935 0.0789 -0.9779
-1.2833 -0.0011 -2.7342 0.2089 0.0012 0.9779
-1.2957 -0.0011 -2.7315 0.2089 0.0012 0.9779
-1.2957 -0.0011 -2.7315 0.2089 0.0012 0.9779
-1.2035 0.4973 -2.7639 -0.1926 0.0810 -0.9779
-1.2035 0.4973 -2.7639 -0.1926 0.0810 -0.9779
-1.2587 0.2492 -2.7342 0.2052 -0.0394 0.9779
-1.2708 0.2516 -2.7315 0.2052 -0.0394 0.9779
-1.2708 0.2516 -2.7315 0.2052 -0.0394 0.9779
-1.2903 -0.0011 -2.7666 -0.2089 -0.0012 -0.9779
-1.2655 0.2506 -2.7666 -0.2047 0.0418 -0.9779
-1.2776 0.2530 -2.7639 -0.2047 0.0418 -0.9779
-1.2776 0.2530 -2.7639 -0.2047 0.0418 -0.9779
-1.2903 -0.0011 -2.7666 -0.2089 -0.0012 -0.9779
-1.1857 0.4900 -2.7342 0.1935 -0.0788 0.9779
-1.1971 0.4947 -2.7315 0.1935 -0.0788 0.9779
-1.1971 0.4947 -2.7315 0.1935 -0.0788 0.9779
-1.2655 -0.2528 -2.7666 -0.2047 -0.0418 -0.9779
-1.3026 -0.0011 -2.7639 -0.2090 0.0009 -0.9779
-1.3026 -0.0011 -2.7639 -0.2090 0.0009 -0.9779
-1.2655 -0.2528 -2.7666 -0.2047 -0.0418 -0.9779
-1.0671 0.7118 -2.7342 0.1745 -0.1150 0.9779
-1.0773 0.7187 -2.7315 0.1745 -0.1150 0.9779
-1.0773 0.7187 -2.7315 0.1744 -0.1150 0.9779
-1.1921 -0.4949 -2.7666 -0.1926 -0.0810 -0.9779
-1.2776 -0.2552 -2.7639 -0.2051 -0.0397 -0.9779
-1.2776 -0.2552 -2.7639 -0.2051 -0.0397 -0.9779
-1.1921 -0.4949 -2.7666 -0.1926 -0.0810 -0.9779
-0.9075 0.9063 -2.7342 0.1484 -0.1471 0.9779
-0.9162 0.9150 -2.7315 0.1484 -0.1471 0.9779
-0.9162 0.9150 -2.7315 0.1484 -0.1471 0.9779
-1.0728 -0.7179 -2.7666 -0.1732 -0.1168 -0.9779
-1.2035 -0.4996 -2.7639 -0.1935 -0.0789 -0.9779
-1.2035 -0.4996 -2.7639 -0.1935 -0.0789 -0.9779
-1.0728 -0.7179 -2.7666 -0.1732 -0.1169 -0.9779
-0.7130 1.0659 -2.7342 0.1171 -0.1731 0.9779
-0.7199 1.0762 -2.7315 0.1171 -0.1731 0.9779
-0.7199 1.0762 -2.7315 0.1171 -0.1731 0.9779
-0.9124 -0.9135 -2.7666 -0.1469 -0.1486 -0.9779
-1.0831 -0.7248 -2.7639 -0.1743 -0.1153 -0.9779
-1.0831 -0.7248 -2.7639 -0.1743 -0.1153 -0.9779
-0.9124 -0.9135 -2.7666 -0.1469 -0.1485 -0.9779
-0.4911 1.1845 -2.7342 0.0808 -0.1927 0.9779
-0.4959 1.1959 -2.7315 0.0808 -0.1927 0.9779
-0.4959 1.1959 -2.7315 0.0808 -0.1927 0.9779
-0.7169 -1.0739 -2.7666 -0.1152 -0.1743 -0.9779
-0.9211 -0.9222 -2.7639 -0.1486 -0.1469 -0.9779
-0.9211 -0.9222 -2.7639 -0.1485 -0.1469 -0.9779
-0.7169 -1.0739 -2.7666 -0.1152 -0.1743 -0.9779
-0.2504 1.2575 -2.7342 0.0418 -0.2047 0.9779
-0.2528 1.2696 -2.7315 0.0418 -0.2047 0.9779
-0.2528 1.2696 -2.7315 0.0418 -0.2047 0.9779
-0.4938 -1.1931 -2.7666 -0.0789 -0.1935 -0.9779
-0.7237 -1.0842 -2.7639 -0.1169 -0.1732 -0.9779
-0.7237 -1.0842 -2.7639 -0.1169 -0.1732 -0.9779
-0.4938 -1.1931 -2.7666 -0.0789 -0.1935 -0.9779
-0.0000 1.2822 -2.7342 0.0009 -0.2090 0.9779
-0.0000 1.2945 -2.7315 0.0009 -0.2090 0.9779
-0.0000 1.2945 -2.7315 0.0009 -0.2090 0.9779
-0.2518 -1.2666 -2.7666 -0.0397 -0.2051 -0.9779
-0.4985 -1.2046 -2.7639 -0.0810 -0.1926 -0.9779
-0.4985 -1.2046 -2.7639 -0.0810 -0.1926 -0.9779
-0.2518 -1.2666 -2.7666 -0.0397 -0.2051 -0.9779
0.2503 1.2575 -2.7342 -0.0397 -0.2051 0.9779
0.2527 1.2696 -2.7315 -0.0397 -0.2051 0.9779
0.2527 1.2696 -2.7315 -0.0397 -0.2051 0.9779
-0.0000 -1.2914 -2.7666 0.0009 -0.2090 -0.9779
-0.2542 -1.2787 -2.7639 -0.0418 -0.2047 -0.9779
-0.2542 -1.2787 -2.7639 -0.0418 -0.2047 -0.9779
-0.0000 -1.2914 -2.7666 0.0009 -0.2090 -0.9779
0.4911 1.1845 -2.7342 -0.0789 -0.1935 0.9779
0.4958 1.1959 -2.7315 -0.0789 -0.1935 0.9779
0.4958 1.1959 -2.7315 -0.0789 -0.1935 0.9779
0.2517 -1.2666 -2.7666 0.0418 -0.2047 -0.9779
-0.0000 -1.3037 -2.7639 -0.0009 -0.2090 -0.9779
-0.0000 -1.3037 -2.7639 -0.0009 -0.2090 -0.9779
0.2517 -1.2666 -2.7666 0.0418 -0.2047 -0.9779
0.7129 1.0659 -2.7342 -0.1153 -0.1743 0.9779
0.7198 1.0762 -2.7315 -0.1153 -0.1743 0.9779
0.7198 1.0762 -2.7315 -0.1153 -0.1743 0.9779
0.4937 -1.1931 -2.7666 0.0810 -0.1926 -0.9779
0.2541 -1.2787 -2.7639 0.0397 -0.2051 -0.9779
0.2541 -1.2787 -2.7639 0.0397 -0.2051 -0.9779
0.4937 -1.1931 -2.7666 0.0810 -0.1926 -0.9779
0.9074 0.9063 -2.7342 -0.1469 -0.1485 0.9779
0.9161 0.9150 -2.7315 -0.1469 -0.1485 0.9779
0.9161 0.9150 -2.7315 -0.1469 -0.1486 0.9779
0.7168 -1.0739 -2.7666 0.1170 -0.1731 -0.9779
0.4984 -1.2046 -2.7639 0.0789 -0.1935 -0.9779
0.4984 -1.2046 -2.7639 0.0789 -0.1935 -0.9779
0.7168 -1.0739 -2.7666 0.1170 -0.1731 -0.9779
1.0670 0.7118 -2.7342 -0.1730 -0.1172 0.9779
1.0773 0.7187 -2.7315 -0.1730 -0.1172 0.9779
1.0773 0.7187 -2.7315 -0.1730 -0.1172 0.9779
-0.1887 -0.9495 -1.5621 -0.0606 -0.3074 -0.9497
-0.1910 -0.9613 -1.5581 -0.0606 -0.3074 -0.9497
-0.1887 -0.9495 -1.5621 -0.0606 -0.3074 -0.9497
0.6837 0.6826 -1.5621 0.2210 0.2220 -0.9497
0.6922 0.6911 -1.5581 0.2210 0.2221 -0.9497
0.6837 0.6826 -1.5621 0.2210 0.2221 -0.9497
-0.1887 0.9472 -1.5621 -0.0616 0.3072 -0.9497
-0.1910 0.9590 -1.5581 -0.0616 0.3071 -0.9497
-0.1887 0.9472 -1.5621 -0.0616 0.3071 -0.9497
0.6767 -0.6779 -1.5322 -0.2220 0.2210 0.9497
0.6852 -0.6864 -1.5282 -0.2220 0.2210 0.9497
0.6852 -0.6864 -1.5282 -0.2221 0.2210 0.9497
0.3662 -0.8853 -1.5322 -0.1206 0.2891 0.9497
0.3708 -0.8964 -1.5282 -0.1206 0.2891 0.9497
0.3708 -0.8964 -1.5282 -0.1206 0.2891 0.9497
0.1867 -0.9398 -1.5322 -0.0619 0.3071 0.9497
0.1890 -0.9516 -1.5282 -0.0616 0.3072 0.9497
0.1890 -0.9516 -1.5282 -0.0616 0.3072 0.9497
-0.6838 -0.6849 -1.5621 -0.2210 -0.2220 -0.9497
-0.6923 -0.6933 -1.5581 -0.2210 -0.2221 -0.9497
-0.6838 -0.6849 -1.5621 -0.2210 -0.2221 -0.9497
-0.0000 -0.9582 -1.5322 -0.0006 0.3133 0.9497
-0.0000 -0.9702 -1.5282 -0.0006 0.3133 0.9497
-0.0000 -0.9702 -1.5282 -0.0006 0.3133 0.9497
0.9483 0.1875 -1.5621 0.3072 0.0616 -0.9497
0.9601 0.1899 -1.5581 0.3072 0.0616 -0.9497
0.9483 0.1875 -1.5621 0.3072 0.0616 -0.9497
-0.1868 -0.9398 -1.5322 0.0606 0.3074 0.9497
-0.1891 -0.9516 -1.5282 0.0606 0.3074 0.9497
-0.1891 -0.9516 -1.5282 0.0606 0.3074 0.9497
-0.3663 -0.8853 -1.5322 0.1191 0.2897 0.9497
-0.3709 -0.8964 -1.5282 0.1191 0.2897 0.9497
-0.3709 -0.8964 -1.5282 0.1192 0.2897 0.9497
0.9669 -0.0011 -1.5621 0.3133 0.0006 -0.9497
0.9789 -0.0011 -1.5581 0.3133 0.0006 -0.9497
0.9669 -0.0011 -1.5621 0.3133 0.0006 -0.9497
-0.6768 -0.6779 -1.5322 0.2209 0.2221 0.9497
-0.6853 -0.6864 -1.5282 0.2209 0.2221 0.9497
-0.6853 -0.6864 -1.5282 0.2210 0.2220 0.9497
0.9483 -0.1898 -1.5621 0.3074 -0.0606 -0.9497
0.9601 -0.1921 -1.5581 0.3074 -0.0606 -0.9497
0.9483 -0.1898 -1.5621 0.3074 -0.0606 -0.9497
-0.0000 0.9658 -1.5621 -0.0006 0.3133 -0.9497
0.1886 0.9472 -1.5621 0.0616 0.3071 -0.9497
0.1909 0.9590 -1.5581 0.0616 0.3071 -0.9497
0.1909 0.9590 -1.5581 0.0616 0.3072 -0.9497
-0.0000 0.9778 -1.5581 -0.0006 0.3133 -0.9497
-0.0000 0.9658 -1.5621 -0.0006 0.3133 -0.9497
-0.9484 -0.1898 -1.5621 -0.3072 -0.0616 -0.9497
-0.9602 -0.1921 -1.5581 -0.3072 -0.0616 -0.9497
-0.9484 -0.1898 -1.5621 -0.3072 -0.0616 -0.9497
-0.9571 -0.0011 -1.5322 0.3133 -0.0006 0.9497
-0.9387 -0.1878 -1.5322 0.3072 0.0616 0.9497
-0.9505 -0.1902 -1.5282 0.3072 0.0616 0.9497
-0.9505 -0.1902 -1.5282 0.3072 0.0616 0.9497
-0.9691 -0.0011 -1.5282 0.3133 -0.0006 0.9497
-0.9571 -0.0011 -1.5322 0.3133 -0.0006 0.9497
-0.9670 -0.0011 -1.5621 -0.3133 -0.0006 -0.9497
-0.9484 0.1875 -1.5621 -0.3072 0.0616 -0.9497
-0.9602 0.1899 -1.5581 -0.3072 0.0616 -0.9497
-0.9602 0.1899 -1.5581 -0.3072 0.0616 -0.9497
-0.9790 -0.0011 -1.5581 -0.3133 -0.0006 -0.9497
-0.9670 -0.0011 -1.5621 -0.3133 -0.0006 -0.9497
-1.2587 -0.2515 -2.7342 0.2051 0.0397 0.9779
-1.2708 -0.2539 -2.7315 0.2051 0.0397 0.9779
-1.2587 -0.2515 -2.7342 0.2051 0.0397 0.9779
-0.9124 0.9112 -2.7666 -0.1485 0.1469 -0.9779
-0.9211 0.9199 -2.7639 -0.1487 0.1467 -0.9779
-0.9124 0.9112 -2.7666 -0.1486 0.1469 -0.9779
0.4937 1.1909 -2.7666 0.0789 0.1935 -0.9779
0.4984 1.2023 -2.7639 0.0786 0.1936 -0.9779
0.4937 1.1909 -2.7666 0.0789 0.1935 -0.9779
-1.1857 -0.4922 -2.7342 0.1935 0.0789 0.9779
-1.1971 -0.4970 -2.7315 0.1935 0.0789 0.9779
-1.1857 -0.4922 -2.7342 0.1935 0.0789 0.9779
-0.7169 1.0717 -2.7666 -0.1170 0.1731 -0.9779
-0.7237 1.0819 -2.7639 -0.1172 0.1730 -0.9779
-0.7169 1.0717 -2.7666 -0.1170 0.1732 -0.9779
0.7168 1.0717 -2.7666 0.1150 0.1745 -0.9779
0.7236 1.0819 -2.7639 0.1150 0.1745 -0.9779
0.7168 1.0717 -2.7666 0.1150 0.1745 -0.9779
-1.0671 -0.7141 -2.7342 0.1744 0.1150 0.9779
-1.0773 -0.7210 -2.7315 0.1745 0.1150 0.9779
-1.0671 -0.7141 -2.7342 0.1745 0.1150 0.9779
0.2503 -1.2598 -2.7342 -0.0394 0.2052 0.9779
0.2527 -1.2719 -2.7315 -0.0394 0.2052 0.9779
0.2503 -1.2598 -2.7342 -0.0394 0.2052 0.9779
-0.4938 1.1909 -2.7666 -0.0810 0.1926 -0.9779
-0.4985 1.2023 -2.7639 -0.0810 0.1926 -0.9779
-0.4938 1.1909 -2.7666 -0.0810 0.1926 -0.9779
0.9123 0.9112 -2.7666 0.1469 0.1486 -0.9779
0.9210 0.9199 -2.7639 0.1469 0.1485 -0.9779
0.9123 0.9112 -2.7666 0.1469 0.1485 -0.9779
-0.9075 -0.9086 -2.7342 0.1485 0.1469 0.9779
-0.9162 -0.9173 -2.7315 0.1486 0.1469 0.9779
-0.9075 -0.9086 -2.7342 0.1486 0.1469 0.9779
0.4911 -1.1867 -2.7342 -0.0789 0.1935 0.9779
0.4958 -1.1982 -2.7315 -0.0789 0.1935 0.9779
0.4911 -1.1867 -2.7342 -0.0789 0.1935 0.9779
-0.2518 1.2643 -2.7666 -0.0418 0.2047 -0.9779
-0.0000 1.2891 -2.7666 0.0009 0.2090 -0.9779
-0.0000 1.3014 -2.7639 0.0012 0.2089 -0.9779
-0.0000 1.3014 -2.7639 0.0012 0.2089 -0.9779
-0.2542 1.2764 -2.7639 -0.0418 0.2047 -0.9779
-0.2518 1.2643 -2.7666 -0.0418 0.2047 -0.9779
1.0727 0.7157 -2.7666 0.1730 0.1172 -0.9779
1.0830 0.7225 -2.7639 0.1730 0.1172 -0.9779
1.0727 0.7157 -2.7666 0.1730 0.1172 -0.9779
-0.7130 -1.0682 -2.7342 0.1172 0.1730 0.9779
-0.7199 -1.0784 -2.7315 0.1172 0.1730 0.9779
-0.7130 -1.0682 -2.7342 0.1172 0.1730 0.9779
0.7129 -1.0682 -2.7342 -0.1150 0.1745 0.9779
0.7198 -1.0784 -2.7315 -0.1150 0.1744 0.9779
0.7129 -1.0682 -2.7342 -0.1150 0.1744 0.9779
1.1920 0.4926 -2.7666 0.1926 0.0810 -0.9779
1.2034 0.4973 -2.7639 0.1926 0.0811 -0.9779
1.1920 0.4926 -2.7666 0.1926 0.0810 -0.9779
-0.4911 -1.1867 -2.7342 0.0810 0.1926 0.9779
-0.4959 -1.1982 -2.7315 0.0810 0.1926 0.9779
-0.4911 -1.1867 -2.7342 0.0810 0.1926 0.9779
0.9074 -0.9086 -2.7342 -0.1469 0.1485 0.9779
0.9161 -0.9173 -2.7315 -0.1469 0.1485 0.9779
0.9074 -0.9086 -2.7342 -0.1469 0.1485 0.9779
1.2654 0.2506 -2.7666 0.2047 0.0418 -0.9779
1.2775 0.2530 -2.7639 0.2046 0.0421 -0.9779
1.2654 0.2506 -2.7666 0.2047 0.0418 -0.9779
-0.2504 -1.2598 -2.7342 0.0421 0.2046 0.9779
-0.0000 -1.2844 -2.7342 -0.0012 0.2089 0.9779
-0.0000 -1.2968 -2.7315 -0.0012 0.2089 0.9779
-0.0000 -1.2968 -2.7315 -0.0012 0.2089 0.9779
-0.2528 -1.2719 -2.7315 0.0421 0.2046 0.9779
-0.2504 -1.2598 -2.7342 0.0421 0.2046 0.9779
1.0670 -0.7141 -2.7342 -0.1730 0.1172 0.9779
1.0773 -0.7210 -2.7315 -0.1730 0.1172 0.9779
1.0670 -0.7141 -2.7342 -0.1730 0.1172 0.9779
1.2902 -0.0011 -2.7666 0.2089 0.0012 -0.9779
1.3025 -0.0011 -2.7639 0.2090 0.0009 -0.9779
1.2902 -0.0011 -2.7666 0.2089 0.0012 -0.9779
1.1856 -0.4922 -2.7342 -0.1926 0.0811 0.9779
1.1970 -0.4970 -2.7315 -0.1926 0.0811 0.9779
1.1856 -0.4922 -2.7342 -0.1926 0.0811 0.9779
1.2654 -0.2528 -2.7666 0.2051 -0.0397 -0.9779
1.2775 -0.2552 -2.7639 0.2051 -0.0397 -0.9779
1.2654 -0.2528 -2.7666 0.2051 -0.0397 -0.9779
1.2586 -0.2515 -2.7342 -0.2047 0.0418 0.9779
1.2707 -0.2539 -2.7315 -0.2047 0.0418 0.9779
1.2586 -0.2515 -2.7342 -0.2047 0.0418 0.9779
1.1920 -0.4949 -2.7666 0.1935 -0.0789 -0.9779
1.2034 -0.4996 -2.7639 0.1935 -0.0789 -0.9779
1.1920 -0.4949 -2.7666 0.1935 -0.0789 -0.9779
1.2833 -0.0011 -2.7342 -0.2089 0.0012 0.9779
1.2956 -0.0011 -2.7315 -0.2089 0.0012 0.9779
1.2833 -0.0011 -2.7342 -0.2089 0.0012 0.9779
1.0727 -0.7179 -2.7666 0.1743 -0.1152 -0.9779
1.0830 -0.7248 -2.7639 0.1742 -0.1153 -0.9779
1.0727 -0.7179 -2.7666 0.1743 -0.1152 -0.9779
1.2586 0.2492 -2.7342 -0.2051 -0.0397 0.9779
1.1856 0.4900 -2.7342 -0.1926 -0.0811 0.9779
1.1970 0.4947 -2.7315 -0.1926 -0.0811 0.9779
1.1970 0.4947 -2.7315 -0.1926 -0.0811 0.9779
1.2707 0.2516 -2.7315 -0.2051 -0.0397 0.9779
1.2586 0.2492 -2.7342 -0.2051 -0.0397 0.9779
0.9123 -0.9135 -2.7666 0.1485 -0.1469 -0.9779
0.7236 -1.0842 -2.7639 0.1151 -0.1744 -0.9779
0.7236 -1.0842 -2.7639 0.1151 -0.1744 -0.9779
0.9210 -0.9222 -2.7639 0.1486 -0.1469 -0.9779
0.9123 -0.9135 -2.7666 0.1486 -0.1469 -0.9779
97 39 96
39 97 38
99 53 98
53 99 52
96 40 100
40 96 39
98 54 101
54 98 53
100 41 102
41 100 40
101 55 103
55 101 54
102 42 104
42 102 41
103 56 105
56 103 55
104 43 106
43 104 42
105 57 107
57 105 56
106 44 108
44 106 43
107 58 109
58 107 57
108 45 110
45 108 44
109 59 111
59 109 58
110 46 112
46 110 45
114 32 113
32 114 33
111 60 115
60 111 59
112 47 116
47 112 46
113 34 117
34 113 32
115 61 118
61 115 60
116 48 119
48 116 47
117 35 120
35 117 34
118 62 121
62 118 61
119 49 122
49 119 48
120 36 123
36 120 35
121 63 124
63 121 62
122 50 125
50 122 49
123 37 126
37 123 36
124 33 114
33 124 63
125 51 127
51 125 50
126 38 97
38 126 37
127 52 99
52 127 51
416 122 447
122 416 119
447 125 446
125 447 122
446 127 445
127 446 125
445 99 444
99 445 127
444 98 443
98 444 99
443 101 442
101 443 98
442 103 441
103 442 101
441 105 440
105 441 103
440 107 439
107 440 105
439 109 438
109 439 107
438 111 437
111 438 109
437 115 436
115 437 111
436 118 435
118 436 115
435 121 434
121 435 118
434 124 433
124 434 121
433 114 432
114 433 124
432 113 431
113 432 114
431 117 430
117 431 113
430 120 429
120 430 117
429 123 428
123 429 120
428 126 427
126 428 123
427 97 426
97 427 126
426 96 425
96 426 97
425 100 424
100 425 96
424 102 423
102 424 100
423 104 422
104 423 102
422 106 421
106 422 104
421 108 420
108 421 106
420 110 419
110 420 108
419 112 418
112 419 110
418 116 417
116 418 112
417 119 416
119 417 116
32 130 151
130 32 33
48 153 156
153 48 47
61 152 155
152 61 60
34 151 154
151 34 32
47 150 153
150 47 46
60 149 152
149 60 59
46 148 150
148 46 45
59 147 149
147 59 58
45 146 148
146 45 44
58 145 147
145 58 57
44 144 146
144 44 43
57 143 145
143 57 56
43 142 144
142 43 42
56 141 143
141 56 55
42 140 142
140 42 41
55 139 141
139 55 54
41 138 140
138 41 40
54 137 139
137 54 53
40 136 138
136 40 39
53 135 137
135 53 52
39 134 136
134 39 38
52 132 135
132 52 51
51 133 132
133 51 50
33 131 130
131 33 63
36 128 37
128 36 129
50 159 133
159 50 49
63 158 131
158 63 62
36 157 129
157 36 35
49 156 159
156 49 48
62 155 158
155 62 61
38 128 134
128 38 37
35 154 157
154 35 34
26 182 25
182 26 180
27 577 576
578 27 178
1 166 0
166 1 176
28 580 579
581 28 175
2 583 582
584 2 173
29 586 585
587 29 172
3 589 588
590 3 170
30 592 591
593 30 169
4 595 594
596 4 167
31 598 597
599 31 165
5 601 600
602 5 162
603 605 604
606 608 607
6 610 609
611 6 163
7 613 612
614 7 191
8 616 615
617 8 189
9 619 618
620 9 187
10 622 621
623 10 185
11 625 624
626 11 183
12 628 627
629 12 181
13 631 630
632 13 179
14 634 633
635 14 177
15 637 636
638 15 174
16 640 639
641 16 171
17 643 642
644 17 168
18 646 645
647 18 164
19 649 648
650 19 160
20 652 651
653 20 161
21 655 654
656 21 190
22 658 657
659 22 188
23 661 660
662 23 186
24 664 663
665 24 184
666 668 667
669 671 670
219 153 415
153 219 156
218 152 414
152 218 155
74 457 73
457 74 458
196 316 217
316 196 486
672 456 72
456 674 673
222 148 411
148 222 150
412 147 410
147 412 149
194 297 211
297 194 292
192 489 393
489 192 511
409 144 407
144 409 146
408 143 406
143 408 145
675 455 71
455 677 676
393 488 392
488 393 489
202 487 391
487 202 510
678 454 70
454 680 679
391 486 196
486 391 487
215 483 214
483 215 485
70 453 69
453 70 454
65 479 95
479 65 449
413 682 681
683 413 509
69 452 68
452 69 453
684 478 94
478 686 685
221 510 202
510 221 508
687 451 67
451 689 688
94 477 93
477 94 478
395 158 390
158 395 131
199 509 413
509 199 507
67 450 66
450 67 451
93 476 92
476 93 477
206 508 221
508 206 506
66 448 64
448 66 450
389 130 388
130 389 151
690 475 91
475 692 691
157 387 386
387 157 154
134 385 384
385 134 128
158 218 390
218 158 155
159 219 216
219 159 156
129 386 394
386 129 157
195 507 199
507 195 505
133 216 396
216 133 159
128 394 385
394 128 129
130 395 388
395 130 131
132 396 397
396 132 133
135 397 398
397 135 132
136 384 399
384 136 134
137 398 400
398 137 135
138 399 401
399 138 136
139 400 402
400 139 137
140 401 403
401 140 138
141 402 404
402 141 139
142 403 405
403 142 140
143 404 406
404 143 141
144 405 407
405 144 142
693 695 694
696 698 697
91 474 90
474 91 475
147 408 410
408 147 145
148 409 411
409 148 146
220 506 206
506 220 504
90 473 89
473 90 474
152 412 414
412 152 149
153 222 415
222 153 150
154 389 387
389 154 151
203 505 195
505 203 503
699 472 88
472 701 700
702 514 2
514 703 512
704 540 28
540 705 539
238 367 239
367 238 568
0 706 1
707 0 513
708 709 27
710 711 538
236 713 712
714 236 567
25 715 26
716 25 537
235 718 717
719 235 566
720 722 721
723 724 536
233 726 725
727 233 565
728 729 24
730 731 535
231 733 732
734 231 564
735 736 23
737 738 534
229 740 739
741 229 563
742 743 22
744 745 533
227 747 746
748 227 562
749 750 21
751 752 532
226 754 753
755 226 561
756 757 20
758 759 531
225 761 760
762 225 560
763 764 19
765 766 530
224 768 767
769 224 559
770 771 18
772 773 529
252 775 774
776 252 558
777 778 17
779 780 528
251 782 781
783 251 557
784 785 16
786 787 527
249 789 788
790 249 556
791 792 15
793 794 526
247 796 795
797 247 555
798 799 14
800 801 525
246 803 802
804 246 554
293 256 258
256 293 295
313 462 463
462 313 307
318 283 284
283 318 314
312 460 461
460 312 306
317 281 282
281 317 289
311 266 459
266 311 501
502 471 280
471 502 500
501 265 266
265 501 499
500 470 471
470 500 498
499 264 265
264 499 497
498 469 470
469 498 496
497 263 264
263 497 495
496 468 469
468 496 494
495 262 263
262 495 480
494 467 468
467 494 493
493 466 467
466 493 492
484 287 257
287 484 491
481 260 261
260 481 490
492 465 466
465 492 305
490 259 260
259 490 482
305 464 465
464 305 308
319 285 286
285 319 315
480 261 262
261 480 481
482 258 259
258 482 293
256 484 257
484 256 295
287 319 286
319 287 491
281 502 280
502 281 289
460 311 459
311 460 306
283 317 282
317 283 314
462 312 461
312 462 307
285 318 284
318 285 315
464 313 463
313 464 308
805 298 223
298 807 806
75 458 74
458 75 267
808 291 198
291 810 809
76 267 75
267 76 268
811 294 193
294 813 812
77 815 814
816 77 269
223 304 213
304 223 298
78 269 77
269 78 270
213 299 197
299 213 304
79 818 817
819 79 271
204 296 208
296 204 290
80 821 820
822 80 272
823 300 201
300 825 824
81 827 826
828 81 273
829 288 200
288 831 830
82 833 832
834 82 274
201 301 205
301 201 300
83 836 835
837 83 275
838 309 210
309 840 839
84 275 83
275 84 276
198 290 204
290 198 291
205 302 209
302 205 301
85 842 841
843 85 277
214 292 194
292 214 483
844 310 207
310 846 845
86 277 85
277 86 278
847 849 848
850 852 851
853 303 212
303 855 854
87 278 86
278 87 279
207 503 203
503 207 310
856 858 857
859 861 860
862 864 863
865 867 866
335 544 336
544 335 545
334 545 335
545 334 546
333 546 334
546 333 547
524 547 333
547 524 548
523 548 524
548 523 549
522 549 523
549 522 550
521 550 522
550 521 551
520 551 521
551 520 552
519 552 520
552 519 553
518 553 519
553 518 374
517 374 518
374 517 375
516 375 517
375 516 377
515 377 516
377 515 379
322 379 515
379 322 380
320 380 322
380 320 352
321 352 320
352 321 353
543 353 321
353 543 354
542 354 543
354 542 355
541 355 542
355 541 357
348 357 541
357 348 359
347 359 348
359 347 361
346 361 347
361 346 363
345 363 346
363 345 364
344 364 345
364 344 366
343 366 344
366 343 569
342 569 343
569 342 570
341 570 342
570 341 571
340 571 341
571 340 572
339 572 340
572 339 573
338 573 339
573 338 574
337 574 338
574 337 575
336 575 337
575 336 544
868 370 242
370 870 869
871 349 29
349 873 872
874 323 3
323 876 875
877 373 245
373 879 878
254 356 228
356 254 382
880 350 30
350 882 881
883 324 4
324 885 884
886 376 248
376 888 887
889 358 230
358 891 890
892 351 31
351 894 893
895 325 5
325 897 896
898 378 250
378 900 899
901 360 232
360 903 902
904 906 905
907 909 908
910 326 6
326 912 911
913 381 253
381 915 914
916 362 234
362 918 917
919 327 7
327 921 920
922 383 255
383 924 923
925 365 237
365 927 926
928 328 8
328 930 929
931 933 932
934 936 935
937 368 240
368 939 938
940 329 9
329 942 941
943 369 241
369 945 944
946 330 10
330 948 947
949 371 243
371 951 950
952 331 11
331 954 953
955 372 244
372 957 956
958 332 12
332 960 959
961 963 962
964 966 965
967 968 13
969 971 970
LABEL gimbal
MATERIAL 4
TEXTURE 0
FLAG 0
GEOM 96 94
0.0657 0.3295 -0.1940 0.1565 0.7861 -0.5980
-0.0000 0.3360 -0.1940 -0.0000 0.8015 -0.5980
0.1290 0.3104 -0.1940 0.3070 0.7404 -0.5980
0.1873 0.2792 -0.1940 0.4456 0.6662 -0.5980
0.2384 0.2373 -0.1940 0.5670 0.5665 -0.5980
0.2803 0.1862 -0.1940 0.6665 0.4451 -0.5980
0.3114 0.1279 -0.1940 0.7406 0.3064 -0.5980
0.3306 0.0646 -0.1940 0.7861 0.1561 -0.5980
0.3371 -0.0011 -0.1940 0.8015 -0.0000 -0.5980
0.3306 -0.0669 -0.1940 0.7861 -0.1565 -0.5980
0.3114 -0.1302 -0.1940 0.7404 -0.3070 -0.5980
0.2803 -0.1884 -0.1940 0.6662 -0.4456 -0.5980
0.2384 -0.2395 -0.1940 0.5665 -0.5670 -0.5980
0.1873 -0.2815 -0.1940 0.4455 -0.6663 -0.5980
0.1290 -0.3126 -0.1940 0.3064 -0.7406 -0.5980
0.0657 -0.3318 -0.1940 0.1561 -0.7861 -0.5980
-0.0000 -0.3383 -0.1940 -0.0000 -0.8015 -0.5980
-0.0658 -0.3318 -0.1940 -0.1565 -0.7861 -0.5980
-0.1291 -0.3126 -0.1940 -0.3070 -0.7404 -0.5980
-0.1874 -0.2815 -0.1940 -0.4455 -0.6663 -0.5980
-0.2384 -0.2395 -0.1940 -0.5670 -0.5665 -0.5980
-0.2804 -0.1884 -0.1940 -0.6667 -0.4449 -0.5980
-0.3115 -0.1302 -0.1940 -0.7406 -0.3064 -0.5980
-0.3307 -0.0669 -0.1940 -0.7861 -0.1561 -0.5980
-0.3372 -0.0011 -0.1940 -0.8015 0.0000 -0.5980
-0.3307 0.0646 -0.1940 -0.7861 0.1565 -0.5980
-0.3115 0.1279 -0.1940 -0.7404 0.3070 -0.5980
-0.2804 0.1862 -0.1940 -0.6665 0.4451 -0.5980
-0.2384 0.2373 -0.1940 -0.5665 0.5670 -0.5980
-0.1874 0.2792 -0.1940 -0.4449 0.6667 -0.5980
-0.1291 0.3104 -0.1940 -0.3064 0.7406 -0.5980
-0.0658 0.3295 -0.1940 -0.1561 0.7861 -0.5980
0.0999 0.5014 0.0408 0.1565 0.7861 -0.5980
-0.0000 0.5112 0.0408 -0.0000 0.8015 -0.5980
0.1960 0.4722 0.0408 0.3070 0.7404 -0.5980
0.2846 0.4249 0.0408 0.4455 0.6663 -0.5980
0.3622 0.3612 0.0408 0.5670 0.5665 -0.5980
0.4260 0.2835 0.0408 0.6667 0.4449 -0.5980
0.4733 0.1949 0.0408 0.7406 0.3064 -0.5980
0.5025 0.0988 0.0408 0.7862 0.1561 -0.5980
0.5123 -0.0011 0.0408 0.8015 -0.0000 -0.5980
0.5025 -0.1011 0.0408 0.7861 -0.1565 -0.5980
0.4733 -0.1972 0.0408 0.7404 -0.3070 -0.5980
0.4260 -0.2858 0.0408 0.6662 -0.4456 -0.5980
0.3622 -0.3634 0.0408 0.5665 -0.5670 -0.5980
0.2846 -0.4271 0.0408 0.4456 -0.6662 -0.5980
0.1960 -0.4745 0.0408 0.0000 -0.0000 1.0000
0.0999 -0.5036 0.0408 0.1561 -0.7862 -0.5980
-0.0000 -0.5135 0.0408 -0.0000 -0.8015 -0.5980
-0.1000 -0.5036 0.0408 -0.1565 -0.7861 -0.5980
-0.1961 -0.4745 0.0408 -0.3070 -0.7404 -0.5980
-0.2847 -0.4271 0.0408 -0.4455 -0.6663 -0.5980
-0.3623 -0.3634 0.0408 -0.5670 -0.5665 -0.5980
-0.4260 -0.2858 0.0408 -0.6667 -0.4449 -0.5980
-0.4734 -0.1972 0.0408 -0.7406 -0.3064 -0.5980
-0.5025 -0.1011 0.0408 -0.7862 -0.1561 -0.5980
-0.5124 -0.0011 0.0408 -0.8015 0.0000 -0.5980
-0.5025 0.0988 0.0408 -0.7861 0.1565 -0.5980
-0.4734 0.1949 0.0408 -0.7404 0.3070 -0.5980
-0.4260 0.2835 0.0408 -0.6665 0.4451 -0.5980
-0.3623 0.3612 0.0408 -0.5665 0.5670 -0.5980
-0.2847 0.4249 0.0408 -0.4449 0.6667 -0.5980
-0.1961 0.4722 0.0408 -0.3064 0.7406 -0.5980
-0.1000 0.5014 0.0408 -0.1561 0.7862 -0.5980
0.0999 0.5014 0.0408 0.0000 -0.0000 1.0000
-0.0000 0.5112 0.0408 0.0000 -0.0000 1.0000
0.1960 0.4722 0.0408 0.0000 -0.0000 1.0000
0.2846 0.4249 0.0408 -0.0000 -0.0000 1.0000
0.3622 0.3612 0.0408 -0.0000 -0.0000 1.0000
0.4260 0.2835 0.0408 0.0000 0.0000 1.0000
0.4733 0.1949 0.0408 0.0000 0.0000 1.0000
0.5025 0.0988 0.0408 -0.0000 -0.0000 1.0000
0.5123 -0.0011 0.0408 -0.0000 -0.0000 1.0000
0.5025 -0.1011 0.0408 0.0000 0.0000 1.0000
0.4733 -0.1972 0.0408 0.0000 0.0000 1.0000
0.4260 -0.2858 0.0408 -0.0000 0.0000 1.0000
0.3622 -0.3634 0.0408 -0.0000 0.0000 1.0000
0.2846 -0.4271 0.0408 0.0000 -0.0000 1.0000
0.1960 -0.4745 0.0408 0.3064 -0.7406 -0.5980
0.0999 -0.5036 0.0408 0.0000 0.0000 1.0000
-0.0000 -0.5135 0.0408 0.0000 0.0000 1.0000
-0.1000 -0.5036 0.0408 0.0000 0.0000 1.0000
-0.1961 -0.4745 0.0408 0.0000 0.0000 1.0000
-0.2847 -0.4271 0.0408 -0.0000 -0.0000 1.0000
-0.3623 -0.3634 0.0408 -0.0000 -0.0000 1.0000
-0.4260 -0.2858 0.0408 0.0000 -0.0000 1.0000
-0.4734 -0.1972 0.0408 0.0000 -0.0000 1.0000
-0.5025 -0.1011 0.0408 -0.0000 -0.0000 1.0000
-0.5124 -0.0011 0.0408 -0.0000 -0.0000 1.0000
-0.5025 0.0988 0.0408 0.0000 -0.0000 1.0000
-0.4734 0.1949 0.0408 0.0000 -0.0000 1.0000
-0.4260 0.2835 0.0408 -0.0000 0.0000 1.0000
-0.3623 0.3612 0.0408 -0.0000 0.0000 1.0000
-0.2847 0.4249 0.0408 0.0000 -0.0000 1.0000
-0.1961 0.4722 0.0408 0.0000 -0.0000 1.0000
-0.1000 0.5014 0.0408 0.0000 0.0000 1.0000
13 78 14
78 13 45
65 66 64
66 68 67
68 70 69
70 72 71
72 74 73
74 76 75
76 46 77
46 80 79
80 82 81
82 84 83
84 86 85
86 88 87
88 90 89
90 92 91
92 94 93
94 65 95
65 68 66
68 72 70
72 76 74
76 80 46
80 84 82
84 88 86
88 92 90
92 65 94
65 72 68
72 80 76
80 88 84
88 65 92
65 80 72
80 65 88
1 32 0
32 1 33
27 60 28
60 27 59
14 47 15
47 14 78
0 34 2
34 0 32
28 61 29
61 28 60
15 48 16
48 15 47
2 35 3
35 2 34
29 62 30
62 29 61
16 49 17
49 16 48
3 36 4
36 3 35
30 63 31
63 30 62
17 50 18
50 17 49
4 37 5
37 4 36
31 33 1
33 31 63
18 51 19
51 18 50
5 38 6
38 5 37
19 52 20
52 19 51
6 39 7
39 6 38
20 53 21
53 20 52
7 40 8
40 7 39
21 54 22
54 21 53
8 41 9
41 8 40
22 55 23
55 22 54
9 42 10
42 9 41
23 56 24
56 23 55
10 43 11
43 10 42
24 57 25
57 24 56
11 44 12
44 11 43
25 58 26
58 25 57
12 45 13
45 12 44
26 59 27
59 26 58
MATERIALS 4
SPSgrey_ProjectApollo\SPS_SM-SPS
SPS_Nozzle
SPSBlack_SM-SPS
Gimbal_SM-SPS
MATERIAL SPSgrey_ProjectApollo\SPS_SM-SPS
0.800 0.800 0.800 1.000
0.800 0.800 0.800 1.000
1.000 1.000 1.000 1.000 8.000
0.000 0.000 0.000 1.000
MATERIAL SPS_Nozzle
0.800 0.800 0.800 1.000
0.800 0.800 0.800 1.000
1.000 1.000 1.000 1.000 8.000
0.000 0.000 0.000 1.000
MATERIAL SPSBlack_SM-SPS
0.073 0.073 0.073 1.000
0.073 0.073 0.073 1.000
1.000 1.000 1.000 1.000 8.000
0.000 0.000 0.000 1.000
MATERIAL Gimbal_SM-SPS
0.643 0.627 0.373 1.000
0.643 0.627 0.373 1.000
1.000 1.000 1.000 1.000 8.000
0.000 0.000 0.000 1.000
TEXTURES 2
ProjectApollo\SPS.dds
ProjectApollo\SPS_Nozzle.dds
